Name,2025 MLB BATTER ,,,,163644,26115,7745,628,5650,40645,15379,42.4,179023,,,,,,22.70378666,26.66022578,19.62488842,8.590516302,14.5875111,4.677052669,3.156019059,
,Player information,,,,Stats,,,,,,,,,,,Salary,Player Ability,,,,,,,,,
,Year,Team,Position,L/R,AB,1B,2B,3B,HR,SO,BB,GB%,AB+BB,Fielding RV,HP to 1B,Salary,DEF,SPD,K,FO,GO,BB,H,2B,HR,TOTAL
"Abrams, CJ",2025,WSH,SS,L,580,90,35,5,19,125,37,40.1,617,-9,4.27,1,1,7,18,30,23,3,15,8,3,100
"Abreu, Wilyer",2025,BOS,OF,L,373,53,17,0,22,101,40,31.5,413,8,4.34,19,8,6,26,35,6,11,11,4,7,100
"Acuña Jr., Ronald",2025,ATL,OF,R,338,64,12,1,21,102,71,46.6,409,-8,4.4,10,1,5,27,21,0,26,17,2,7,100
"Acuña, Luisangel",2025,NYM,2B,R,175,34,7,0,0,37,13,56,188,0,4.22,1,4,8,17,13,40,5,22,3,0,100
"Adames, Willy",2025,SF,SS,R,591,79,22,2,30,179,80,31.8,671,4,4.48,3,6,5,31,33,4,15,9,2,6,100
"Adams, Riley",2025,WSH,C,R,263,33,8,0,8,110,18,50.3,281,-8,4.58,1,1,4,56,19,8,4,9,1,3,100
"Adell, Jo",2025,LAA,OF,R,526,68,18,1,37,151,33,38,559,-13,4.56,1,1,4,31,30,14,3,10,2,10,100
"Albies, Ozzie",2025,ATL,2B,S,603,104,23,2,16,94,55,37.2,658,-4,4.25,1,2,8,6,36,28,8,17,3,2,100
"Alexander, Blaze",2025,AZ,3B,R,230,33,12,1,7,86,22,50.7,252,2,4.34,1,5,6,46,19,6,9,12,6,2,100
"Allen, Nick",2025,ATL,SS,R,371,71,11,0,0,99,31,47,402,12,4.44,1,9,5,27,22,22,7,21,1,0,100
"Alonso, Pete",2025,NYM,1B,R,624,90,41,1,38,162,61,37.8,685,-8,4.8,2,1,1,25,29,9,9,12,8,8,100
"Altuve, Jose",2025,HOU,2B/DH/OF,R,588,105,24,1,26,109,55,43.2,643,-6,4.44,7,2,5,11,27,27,9,18,3,5,100
"Alvarez Jr., Nacho",2025,ATL,3B,R,188,30,12,0,2,49,12,38,200,2,4.64,1,5,3,26,31,18,3,15,7,0,100
"Alvarez, Francisco",2025,NYM,C,R,246,39,12,1,11,73,27,49.7,273,-6,4.65,4,2,3,31,20,14,11,14,5,5,100
"Alvarez, Yordan",2025,HOU,DH,L,165,31,8,0,6,33,28,34.1,193,-1,4.62,1,4,3,11,34,10,20,18,4,3,100
"Amador, Adael",2025,COL,2B,S,113,12,7,0,1,27,11,40.4,124,-2,4.52,1,3,4,21,31,27,9,5,7,0,100
"Amaya, Miguel",2025,CHC,C,R,96,14,9,0,4,22,4,36.8,100,1,4.67,32,5,3,21,32,16,0,13,13,5,100
"Andujar, Miguel",2025,CIN,3B/OF/DH,R,321,74,17,1,10,49,17,46.7,338,-5,4.57,3,2,4,6,23,32,1,29,6,3,100
"Anthony, Roman",2025,BOS,OF,L,257,48,18,1,8,84,40,50.6,297,4,4.39,8,6,6,34,19,1,18,18,8,2,100
"Aranda, Jonathan",2025,TB,1B,L,370,81,22,0,14,107,41,37.2,411,2,4.57,1,5,4,29,25,0,11,25,6,4,100
"Arcia, Orlando",2025,COL,SS/2B/3B,R,203,30,7,1,3,47,10,49.7,213,2,4.75,1,5,2,21,20,41,1,14,3,0,100
"Arenado, Nolan",2025,STL,3B,R,401,64,18,1,12,49,28,36.5,429,2,4.75,1,5,2,0,40,35,4,15,4,2,100
"Arias, Gabriel",2025,CLE,SS/2B,R,432,57,25,2,11,162,27,49.8,459,2,4.51,1,5,4,48,20,10,3,10,7,2,100
"Arozarena, Randy",2025,SEA,OF,R,613,86,32,1,27,191,64,42.6,677,-8,4.39,1,1,6,34,25,10,10,11,5,5,100
"Arraez, Luis",2025,SD,1B/DH,L,620,139,30,4,8,21,34,45.1,654,-5,4.48,1,2,5,0,26,38,2,28,6,0,100
"Bader, Harrison",2025,PHI,OF,R,448,82,24,1,17,136,39,45.7,487,5,4.31,30,7,6,33,22,9,7,19,6,4,100
"Báez, Javier",2025,DET,SS/OF/3B,R,416,75,17,3,12,108,10,45.3,426,2,4.48,1,5,5,28,24,20,0,21,5,2,100
"Bailey, Patrick",2025,SF,C,S,409,64,18,3,6,133,30,38.5,439,32,4.73,1,10,2,38,28,9,5,15,5,0,100
"Baldwin, Brooks",2025,CWS,OF,S,300,45,15,1,11,86,21,41.4,321,-11,4.35,1,1,6,31,27,16,4,13,5,4,100
"Baldwin, Drake",2025,ATL,C,L,405,72,18,2,19,68,38,48.7,443,-1,4.5,18,4,4,8,21,35,9,18,4,5,100
"Barger, Addison",2025,TOR,3B/OF,L,460,58,32,1,21,121,36,42.5,496,0,4.33,1,4,6,26,26,19,6,9,9,5,100
"Bart, Joey",2025,PIT,C,R,285,54,12,1,4,93,40,52.1,325,-3,4.65,1,3,3,35,18,9,16,19,3,0,100
"Basallo, Samuel",2025,BAL,C,L,109,8,6,0,4,30,6,49.4,115,-1,4.68,1,4,3,29,20,39,2,0,6,4,100
"Baty, Brett",2025,NYM,3B/2B,L,393,67,13,2,18,108,33,51,426,-1,4.4,1,4,5,28,19,22,7,17,2,5,100
"Bauers, Jake",2025,MIL,1B/OF,L,183,27,9,0,7,59,32,35.2,215,-1,4.42,1,4,5,32,28,1,21,11,4,3,100
"Beavers, Dylan",2025,BAL,OF,L,110,15,5,1,4,36,26,29.3,136,-1,4.16,26,4,9,30,26,0,30,7,4,3,100
"Beck, Jordan",2025,COL,OF,R,539,91,27,5,16,174,43,42.1,582,-1,4.4,1,4,5,37,25,7,6,17,6,2,100
"Bell, Josh",2025,WSH,DH/1B,S,468,72,16,1,22,88,57,46,525,-4,4.74,1,2,2,11,24,32,13,13,2,5,100
"Bellinger, Cody",2025,NYY,OF,L,588,101,25,5,29,90,57,32.9,645,9,4.11,2,8,9,5,39,19,9,17,5,6,100
"Benintendi, Andrew",2025,CWS,OF/DH,L,420,63,16,2,20,82,40,33.1,460,-10,4.38,3,1,6,13,39,17,9,13,3,6,100
"Benson, Will",2025,CIN,OF,L,230,30,8,2,12,67,16,36.1,246,-1,4.35,1,4,6,32,32,12,4,10,3,7,100
"Bernabel, Warming",2025,COL,1B,R,139,22,8,1,4,25,7,42.1,146,-2,4.41,1,3,5,12,29,32,1,16,8,2,100
"Berti, Jon",2025,CHC,3B,R,100,19,2,0,0,22,5,61.5,105,-1,4.35,1,4,6,19,6,52,1,22,0,0,100
"Betts, Mookie",2025,LAD,SS,R,589,107,23,2,20,68,61,32.8,650,3,4.49,5,6,5,0,42,24,10,18,3,3,100
"Bichette, Bo",2025,TOR,SS,R,582,118,44,1,18,91,40,47.4,622,-10,4.67,3,1,3,7,22,31,4,23,10,3,100
"Bleday, JJ",2025,ATH,OF,L,307,34,17,0,14,91,36,36.9,343,-6,4.45,1,2,5,30,31,12,12,5,5,5,100
"Bogaerts, Xander",2025,SD,SS,R,491,88,30,0,11,94,48,43.8,539,7,4.37,3,7,6,12,26,28,9,18,6,1,100
"Bohm, Alec",2025,PHI,3B,R,464,101,18,3,11,82,29,49.7,493,-3,4.66,1,3,3,11,20,35,3,26,4,1,100
"Bregman, Alex",2025,BOS,3B,R,433,72,28,0,18,70,51,38.9,484,3,4.65,4,6,3,6,32,24,12,15,7,4,100
"Bride, Jonah",2025,MIN,3B,R,112,17,2,0,0,39,11,48.6,123,2,4.54,1,5,4,41,21,16,9,13,0,0,100
"Burger, Jake",2025,TEX,1B,R,356,52,15,1,16,93,12,39.5,368,-1,4.43,1,4,5,28,30,18,0,14,4,6,100
"Burleson, Alec",2025,STL,OF/1B/DH,L,497,98,26,2,18,79,39,40.2,536,-6,4.5,1,2,4,7,30,25,6,22,6,4,100
"Busch, Michael",2025,CHC,1B,L,524,73,25,5,34,139,56,36.2,580,-2,4.56,2,3,4,25,30,8,11,11,6,9,100
"Butler, Lawrence",2025,ATH,OF,L,569,80,30,2,21,179,59,46.7,628,2,4.46,1,5,5,34,22,13,10,11,6,4,100
"Buxton, Byron",2025,MIN,OF,R,488,66,21,7,35,148,41,36.7,529,2,4.13,13,5,9,33,29,5,7,10,6,10,100
"Caballero, José",2025,NYY,OF/SS/3B,R,314,50,18,1,5,98,47,40.1,361,3,4.27,1,6,7,32,26,6,17,13,6,0,100
"Cabrera, Oswaldo",2025,NYY,3B,S,107,21,4,0,1,25,11,51.2,118,0,4.63,1,4,3,20,18,29,10,21,2,0,100
"Caglianone, Jac",2025,KC,OF,L,210,19,6,1,7,52,18,50.6,228,-7,4.39,1,2,6,23,19,45,7,2,1,3,100
"Call, Alex",2025,LAD,OF,R,270,52,13,2,5,55,36,45.3,306,-2,4.37,1,3,6,13,24,24,15,19,5,0,100
"Caminero, Junior",2025,TB,3B,R,602,86,28,0,45,125,41,46.7,643,-2,4.62,1,3,3,16,23,30,4,12,4,11,100
"Campbell, Kristian",2025,BOS,2B,R,229,35,10,0,6,72,29,54.4,258,-10,4.47,1,1,5,33,16,20,14,13,3,1,100
"Canario, Alexander",2025,PIT,OF,R,216,34,6,1,6,80,17,45.3,233,0,4.56,1,4,4,46,22,8,6,15,1,2,100
"Canha, Mark",2025,KC,OF,R,113,20,3,0,1,24,7,36.3,120,-1,4.39,1,4,6,17,36,25,3,19,0,0,100
"Canzone, Dominic",2025,SEA,OF,L,243,51,11,0,11,59,20,43.9,263,-4,4.45,43,2,5,22,24,14,7,24,4,5,100
"Capra, Vinny",2025,CWS,3B,R,96,9,2,0,1,25,3,53.9,99,1,4.37,1,5,6,28,14,54,0,4,0,0,100
"Caratini, Victor",2025,HOU,C/DH,S,344,63,14,0,12,65,23,42.8,367,-4,4.89,1,2,1,13,28,29,4,20,3,3,100
"Carlson, Dylan",2025,BAL,OF,S,217,28,9,1,6,54,21,37.8,238,-2,4.32,1,3,6,23,33,20,9,9,4,2,100
"Carpenter, Kerry",2025,DET,OF/DH,L,433,60,18,5,26,106,18,33.1,451,-3,4.47,1,3,5,24,37,13,0,12,6,8,100
"Carroll, Corbin",2025,AZ,OF,L,564,66,32,17,31,153,67,35.7,631,6,4.13,6,7,9,26,30,7,13,6,11,7,100
"Carter, Evan",2025,TEX,OF,L,194,32,9,2,5,41,19,38.6,213,3,4.15,1,6,9,16,31,21,9,15,6,2,100
"Casas, Triston",2025,BOS,1B,L,99,12,3,0,3,27,11,38.9,110,-2,4.74,1,3,2,26,31,22,11,7,1,2,100
"Castellanos, Nick",2025,PHI,OF,R,547,91,27,2,17,133,32,38.8,579,-12,4.42,1,1,5,23,31,19,2,17,5,3,100
"Castro, Willi",2025,CHC,OF/2B/3B,S,402,60,17,3,11,111,40,41.1,442,-7,4.29,1,2,7,28,27,16,10,13,4,2,100
"Chapman, Matt",2025,SF,3B,R,454,59,23,2,21,126,71,40.4,525,4,4.43,1,6,5,25,27,12,18,8,5,5,100
"Chisholm Jr., Jazz",2025,NYY,2B/3B,L,462,65,15,1,31,148,58,39.5,520,2,4.29,3,5,7,34,26,6,14,10,1,9,100
"Chourio, Jackson",2025,MIL,OF,R,549,88,35,4,21,121,30,42.8,579,1,4.25,7,5,8,19,27,23,2,16,9,4,100
"Clarke, Denzel",2025,ATH,OF,R,148,21,8,2,3,61,6,55.1,154,11,4.23,1,9,8,57,17,4,0,13,8,1,100
"Clase, Jonatan",2025,TOR,OF,S,100,16,3,0,2,28,10,43.8,110,-2,4.19,1,3,9,28,25,21,10,15,1,0,100
"Clemens, Kody",2025,MIN,1B/2B/OF,L,348,39,12,4,19,93,29,34.4,377,4,4.36,1,6,6,27,35,14,7,6,4,7,100
"Clement, Ernie",2025,TOR,3B/2B/SS,R,545,105,35,2,9,61,27,34.7,572,10,4.27,1,8,7,0,41,28,1,22,8,0,100
"Collins, Isaac",2025,MIL,OF,S,372,64,22,3,9,93,57,43.9,429,0,4.38,2,4,6,21,24,14,18,15,7,1,100
"Conforto, Michael",2025,LAD,OF,L,418,51,20,0,12,121,56,42,474,-8,4.6,1,1,3,28,27,17,15,7,4,2,100
"Contreras, William",2025,MIL,C/DH,R,566,102,28,0,17,120,84,50.4,650,3,4.5,9,6,4,14,19,27,17,17,4,2,100
"Contreras, Willson",2025,STL,1B,R,490,74,31,1,20,142,44,41.9,534,4,4.51,1,6,4,30,26,12,8,13,7,4,100
"Correa, Carlos",2025,HOU,SS/3B,R,537,106,29,0,13,113,45,48.2,582,-2,4.64,1,3,3,16,21,28,7,22,5,1,100
"Cowser, Colton",2025,BAL,OF,L,327,34,14,0,16,128,27,45.2,354,2,4.33,1,5,6,50,22,7,7,5,3,6,100
"Crawford, J.P.",2025,SEA,SS,L,570,115,24,0,12,122,74,44.4,644,-9,4.54,1,1,4,15,25,21,14,21,3,1,100
"Crews, Dylan",2025,WSH,OF,R,293,41,8,2,10,76,24,50.2,317,1,4.24,1,5,8,25,19,33,7,11,2,3,100
"Cronenworth, Jake",2025,SD,2B,L,419,71,20,1,11,107,69,43,488,-2,4.38,1,3,6,21,25,14,20,15,4,1,100
"Crow-Armstrong, Pete",2025,CHC,OF,L,591,74,37,4,31,155,29,33.5,620,21,4.21,3,10,8,27,35,12,1,9,9,7,100
"Cruz, Oneil",2025,PIT,OF,L,471,53,18,3,20,174,64,48.3,535,4,4.26,1,6,7,42,21,10,15,5,3,4,100
"d'Arnaud, Travis",2025,LAA,C,R,213,23,13,0,6,74,13,38.6,226,-5,4.78,1,2,2,43,29,10,3,6,7,2,100
"Davis, Henry",2025,PIT,C,R,252,28,7,0,7,76,18,33.5,270,2,4.52,1,5,4,34,37,15,5,6,1,2,100
"De La Cruz, Elly",2025,CIN,SS,S,629,106,31,7,22,181,67,51.2,696,0,4.3,2,4,6,29,19,16,11,16,6,3,100
"DeJong, Paul",2025,WSH,3B,R,193,28,10,0,6,70,11,29.4,204,0,4.69,1,4,3,46,31,0,2,13,5,3,100
"Del Castillo, Adrian",2025,AZ,DH,L,120,19,6,0,4,47,8,32,128,1,4.62,1,5,3,51,22,0,4,15,5,3,100
"Devers, Rafael",2025,SF,DH/1B,L,607,85,33,0,35,192,112,42.7,719,0,4.62,1,4,3,31,23,2,23,9,5,7,100
"Dezenzo, Zach",2025,HOU,OF,R,98,16,6,0,2,37,11,36.1,109,-2,4.44,1,3,5,45,21,0,12,15,6,1,100
"Díaz, Elias",2025,SD,C,R,254,36,7,0,9,73,21,37.6,275,2,4.81,1,5,1,30,32,16,7,12,0,3,100
"Diaz, Yainer",2025,HOU,C/DH,R,542,93,25,1,20,95,20,46,562,-3,4.37,4,3,6,11,25,36,0,19,5,4,100
"Díaz, Yandy",2025,TB,DH/1B,R,583,120,29,1,25,92,57,54,640,-5,4.61,1,2,3,6,15,37,9,23,5,5,100
"Dingler, Dillon",2025,DET,C,R,435,85,21,2,13,110,23,36.2,458,12,4.53,8,9,4,25,31,12,1,23,5,3,100
"Domínguez, Jasson",2025,NYY,OF,S,381,69,18,1,10,115,41,45.2,422,-9,4.25,1,1,8,32,23,10,11,18,4,2,100
"Donovan, Brendan",2025,STL,2B,L,460,90,32,0,10,67,42,43.1,502,-1,4.43,3,4,5,4,28,30,8,21,8,1,100
"Doyle, Brenton",2025,COL,OF,R,502,77,23,2,15,138,30,46.5,532,11,4.32,1,9,6,29,23,24,3,14,5,2,100
"Dubón, Mauricio",2025,HOU,OF/2B/SS,R,369,61,21,0,7,42,24,42.6,393,17,4.31,1,10,6,0,31,43,4,16,6,0,100
"Duran, Ezequiel",2025,TEX,SS/1B,R,205,32,14,0,0,55,8,40.8,213,2,4.33,1,5,6,29,28,20,0,15,8,0,100
"Duran, Jarren",2025,BOS,OF,L,620,89,41,13,16,169,60,41.5,680,2,4.2,5,5,8,27,26,13,9,12,11,2,100
"Durbin, Caleb",2025,MIL,3B,R,445,78,25,0,11,50,30,43.8,475,1,4.38,1,5,6,0,28,43,4,18,6,1,100
"Edman, Tommy",2025,LAD,2B/OF,S,346,51,13,1,13,61,19,45.7,365,7,4.28,1,7,7,11,25,42,2,13,3,4,100
"Edwards, Xavier",2025,MIA,2B/SS,S,561,131,20,5,3,88,49,49.3,610,3,4.2,3,6,8,6,20,35,7,28,4,0,100
"Encarnacion-Strand, Christian",2025,CIN,1B,R,130,17,4,0,6,32,3,39,133,-2,4.54,1,3,4,25,32,25,0,11,1,6,100
"Espinal, Santiago",2025,CIN,3B,R,301,61,12,0,0,38,21,43.7,322,0,4.5,1,4,4,1,28,41,4,23,3,0,100
"Estrada, Thairo",2025,COL,2B,R,154,27,9,0,3,26,6,51.9,160,0,4.36,1,4,6,10,17,46,0,19,7,1,100
"Farmer, Kyle",2025,COL,2B/DH,R,277,41,14,0,8,66,17,41.3,294,-3,4.67,1,3,3,22,29,26,3,13,5,2,100
"Feduccia, Hunter",2025,TB,C,L,88,8,5,0,0,29,15,45.9,103,-2,4.7,1,3,2,34,23,16,21,1,5,0,100
"Fermin, Freddy",2025,SD,C,R,320,62,13,0,5,66,19,48.3,339,2,4.6,1,5,3,16,22,34,3,22,3,0,100
"Fernández, Yanquiel",2025,COL,DH/OF,L,138,22,5,0,4,44,8,49.5,146,1,4.73,1,5,2,38,20,20,2,16,2,2,100
"Fitzgerald, Tyler",2025,SF,2B,R,217,32,10,1,4,70,17,40.3,234,0,4.31,1,4,6,37,27,12,6,13,5,0,100
"Flores, Wilmer",2025,SF,DH/1B,R,419,75,10,0,16,88,34,35,453,-1,4.87,1,4,1,16,36,19,6,19,0,4,100
"Fortes, Nick",2025,TB,C,R,218,35,9,1,5,47,14,46,232,2,4.53,1,5,4,18,24,34,3,16,4,1,100
"Fraley, Jake",2025,ATL,OF,L,191,31,9,0,6,49,25,34.5,216,-2,4.21,1,3,8,23,33,9,15,14,4,2,100
"France, Ty",2025,TOR,1B,R,444,82,25,0,7,83,22,46.7,466,7,4.86,1,7,1,13,24,35,1,21,6,0,100
"Frazier, Adam",2025,KC,2B/OF,L,419,85,20,0,7,81,26,39.5,445,-1,4.47,1,4,5,14,31,24,3,24,4,0,100
"Freeman, Cody",2025,TEX,2B,R,114,19,4,0,3,19,5,48.5,119,-2,4.45,1,3,5,9,22,48,0,17,2,2,100
"Freeman, Freddie",2025,LAD,1B,L,556,99,39,2,24,128,60,41.6,616,-1,4.69,2,4,3,19,26,12,11,18,9,5,100
"Freeman, Tyler",2025,COL,OF/DH,R,377,82,20,2,2,51,34,52.1,411,-11,4.43,1,1,5,2,17,42,8,25,6,0,100
"Frelick, Sal",2025,MIL,OF,L,528,117,20,3,12,80,47,46.7,575,6,4.18,14,7,9,5,23,34,8,26,3,1,100
"Friedl, TJ",2025,CIN,OF,L,579,113,22,2,14,115,81,42.3,660,0,4.42,1,4,5,12,27,21,16,20,3,1,100
"Fry, David",2025,CLE,DH,R,146,13,4,0,8,58,9,36.4,155,-3,4.69,1,3,3,52,29,7,3,2,0,7,100
"Fulford, Braxton",2025,COL,C,R,108,15,5,2,1,36,7,34.7,115,-3,4.33,1,3,6,40,31,7,4,11,7,0,100
"García Jr., Luis",2025,WSH,2B,L,488,78,28,1,16,84,27,45.5,515,-4,4.34,1,2,6,10,25,37,2,16,7,3,100
"García, Adolis",2025,TEX,OF,R,507,68,28,0,19,135,28,36.9,535,2,4.5,1,5,4,28,32,17,2,11,6,4,100
"Garcia, Maikel",2025,KC,3B,R,595,110,39,5,16,84,62,44.9,657,13,4.41,1,9,5,3,25,32,10,19,9,2,100
"Garver, Mitch",2025,SEA,C/DH,R,254,38,5,1,9,80,30,35.6,284,-4,4.79,1,2,2,34,31,7,13,12,0,3,100
"Gasper, Mickey",2025,MIN,C,S,95,12,1,0,2,20,10,42.9,105,-4,4.44,1,2,5,15,29,37,10,8,0,1,100
"Gelof, Zack",2025,ATH,2B,R,92,11,3,0,2,46,7,43.8,99,3,4.32,1,6,6,70,14,0,6,8,1,1,100
"Gilbert, Drew",2025,SF,OF,L,100,10,5,1,3,20,7,45.7,107,2,4.28,1,5,7,15,25,43,4,4,7,2,100
"Giménez, Andrés",2025,TOR,2B,L,329,50,11,1,7,66,25,43.4,354,6,4.3,1,7,6,15,28,34,6,14,2,1,100
"Goldschmidt, Paul",2025,NYY,1B,R,489,92,31,1,10,100,36,38.9,525,-2,4.66,1,3,3,15,31,20,5,20,8,1,100
"Gonzales, Nick",2025,PIT,2B,R,381,73,18,3,5,73,21,46.5,402,1,4.33,1,5,6,14,24,32,2,22,6,0,100
"Gonzalez, Romy",2025,BOS,1B/2B,R,315,61,23,3,9,81,18,50.2,333,-2,4.34,1,3,6,26,19,18,2,22,11,2,100
"Goodman, Hunter",2025,COL,C/DH,R,540,86,28,5,31,152,33,38.5,573,1,4.57,1,5,4,30,28,9,3,15,7,8,100
"Gorman, Nolan",2025,STL,3B/2B/DH,L,351,43,14,1,14,136,47,28.3,398,-6,4.52,1,2,4,46,25,0,15,7,3,4,100
"Greene, Riley",2025,DET,OF/DH,L,600,87,31,1,36,201,46,40.8,646,-3,4.53,1,3,4,40,25,4,6,12,5,8,100
"Grichuk, Randal",2025,KC,OF/DH,R,272,34,18,1,9,61,17,38.3,289,-2,4.63,1,3,3,20,33,24,3,9,8,3,100
"Grisham, Trent",2025,NYY,OF,L,494,72,9,1,34,137,82,37.2,576,-3,4.54,29,3,4,25,29,7,20,10,0,9,100
"Guerrero Jr., Vladimir",2025,TOR,1B/DH,R,589,115,34,0,23,94,81,47.1,670,-1,4.56,2,4,4,5,23,27,16,20,5,4,100
"Gurriel Jr., Lourdes",2025,AZ,OF,R,500,79,24,2,19,76,31,37.4,531,-3,4.53,1,3,4,6,37,30,3,15,5,4,100
"Haggerty, Sam",2025,TEX,OF,S,162,29,7,3,2,37,16,50.8,178,-3,4.28,1,3,7,19,19,28,9,18,7,0,100
"Hamilton, David",2025,BOS,2B,L,177,24,4,1,6,47,13,44.4,190,0,4.02,1,4,10,27,26,27,5,11,1,3,100
"Happ, Ian",2025,CHC,OF,S,569,83,32,0,23,151,87,36.6,656,0,4.45,4,4,5,23,30,9,18,11,5,4,100
"Harper, Bryce",2025,PHI,1B,L,501,72,32,0,27,121,70,43.6,571,-1,4.49,13,4,5,20,25,15,16,11,7,6,100
"Harris II, Michael",2025,ATL,OF,L,611,100,26,6,20,128,16,50.6,627,7,4.28,1,7,7,18,19,37,0,17,6,3,100
"Hassell III, Robert",2025,WSH,OF,L,197,32,9,0,3,62,8,52.6,205,-1,4.28,1,4,7,38,17,24,0,17,4,0,100
"Hayes, Ke'Bryan",2025,CIN,3B,R,527,100,16,3,5,111,36,49,563,17,4.61,1,10,3,17,21,35,4,21,2,0,100
"Hays, Austin",2025,CIN,OF/DH,R,380,65,16,5,15,107,29,41.6,409,0,4.39,1,4,6,30,26,11,6,17,6,4,100
"Hedges, Austin",2025,CLE,C,R,155,17,3,0,5,43,18,32.2,173,14,4.95,1,9,1,27,38,15,12,5,0,3,100
"Heim, Jonah",2025,TEX,C/DH,S,395,59,14,0,11,88,32,41.3,427,-3,4.8,1,3,1,19,30,28,6,13,2,2,100
"Heineman, Tyler",2025,TOR,C,S,149,31,8,1,3,31,12,42.4,161,8,4.47,1,8,5,16,27,19,6,24,7,1,100
"Helman, Michael",2025,TEX,OF,R,99,12,5,1,5,21,7,42,106,1,4.26,1,5,7,17,29,28,5,8,7,6,100
"Henderson, Gunnar",2025,BAL,SS,L,577,102,34,5,17,137,62,48.5,639,-1,4.22,9,4,8,20,21,21,11,17,8,2,100
"Hernaiz, Darell",2025,ATH,SS/3B,R,173,32,5,1,2,24,17,49.4,190,1,4.25,1,5,8,3,20,47,9,19,2,0,100
"Hernández, Enrique",2025,LAD,OF/1B/3B,R,232,29,8,0,10,68,18,38.8,250,2,4.57,1,5,4,32,30,16,6,9,2,5,100
"Hernández, Heriberto",2025,MIA,OF/DH,R,256,45,12,1,10,77,31,42.1,287,3,4.32,4,6,6,31,25,6,13,17,4,4,100
"Hernández, Teoscar",2025,LAD,OF,R,511,71,29,1,25,134,26,45.3,537,-9,4.43,1,1,5,27,24,24,1,12,6,6,100
"Herrera, Iván",2025,STL,DH,R,388,78,13,0,19,84,43,48.7,431,-1,4.72,1,4,2,16,21,23,11,22,1,6,100
"Herrera, Jose",2025,AZ,C,S,166,23,6,0,2,47,23,44.4,189,-1,4.8,1,4,1,27,25,20,16,10,2,0,100
"Hicks, Liam",2025,MIA,C/1B/DH,L,332,62,13,1,6,56,43,43.6,375,-2,4.57,1,3,4,7,27,31,14,18,3,0,100
"Higashioka, Kyle",2025,TEX,C/DH,R,303,47,14,1,11,72,20,36.1,323,-2,4.82,2,3,1,22,34,16,4,15,5,4,100
"Hill, Derek",2025,CWS,OF,R,134,20,6,0,3,48,9,49.4,143,6,4.21,1,7,8,44,20,14,4,13,4,1,100
"Hoerner, Nico",2025,CHC,2B,R,599,138,29,4,7,49,39,44.9,638,13,4.34,1,9,6,0,26,35,4,29,6,0,100
"Holliday, Jackson",2025,BAL,2B,L,586,101,21,3,17,140,56,49,642,-6,4.25,1,2,8,21,21,27,9,17,3,2,100
"Horwitz, Spencer",2025,PIT,1B,L,364,62,26,0,11,73,44,38.4,408,1,4.78,1,5,2,13,31,17,13,16,8,2,100
"Hoskins, Rhys",2025,MIL,1B,R,279,41,12,1,12,91,38,29.9,317,1,4.78,1,5,2,35,31,0,15,11,4,4,100
"House, Brady",2025,WSH,3B,R,261,46,11,0,4,78,8,46.3,269,1,4.47,1,5,5,35,23,18,0,20,4,0,100
"Hummel, Cooper",2025,HOU,OF,S,88,12,0,0,3,31,14,50,102,0,4.34,1,4,6,38,20,11,19,9,0,3,100
"Ibáñez, Andy",2025,DET,3B,R,176,30,8,0,4,26,12,40.4,188,2,4.39,1,5,6,5,33,36,4,17,4,1,100
"Iglesias, Jose",2025,SD,2B/SS/3B,R,306,56,11,0,3,56,24,59.4,330,-2,4.27,1,3,7,11,8,54,6,19,2,0,100
"India, Jonathan",2025,KC,2B/DH/OF,R,497,78,29,0,9,106,54,38.3,551,-9,4.41,1,1,5,16,32,21,11,14,6,0,100
"Isbel, Kyle",2025,KC,OF,L,368,70,16,4,4,74,23,52.3,391,10,4.31,1,8,6,15,17,38,3,21,6,0,100
"Jackson, Alex",2025,BAL,C,R,91,7,8,0,5,37,5,37,96,4,4.52,1,6,4,54,25,0,2,0,12,7,100
"Jackson, Jeremiah",2025,BAL,OF,R,170,30,10,2,5,50,11,50,181,0,4.57,1,4,4,33,20,13,4,19,9,2,100
"Jansen, Danny",2025,MIL,C,R,288,37,11,0,14,86,42,28.3,330,-7,4.66,1,2,3,29,37,2,17,8,2,5,100
"Jeffers, Ryan",2025,MIN,C/DH,R,406,73,26,0,9,91,50,38.3,456,-5,4.74,2,2,2,17,30,15,13,17,7,1,100
"Johnston, Troy",2025,MIA,OF,L,112,24,2,1,4,26,8,37.2,120,-1,4.41,1,4,5,21,31,14,5,25,0,4,100
"Jones, Jahmai",2025,DET,DH/OF,R,129,18,11,1,7,32,18,32,147,-2,4.37,9,3,6,21,32,3,16,10,12,6,100
"Jones, Nolan",2025,CLE,OF,L,355,54,14,2,5,113,39,43.1,394,-1,4.59,1,4,4,35,25,13,11,13,3,0,100
"Judge, Aaron",2025,NYY,OF/DH,R,541,94,30,2,53,160,124,33.5,665,5,4.73,45,7,2,25,14,0,29,14,5,13,100
"Julien, Edouard",2025,MIN,1B/2B,L,182,27,10,0,3,61,22,50.4,204,-6,4.4,1,2,5,37,19,14,13,12,5,0,100
"Jung, Josh",2025,TEX,3B,R,482,83,23,1,14,129,27,41.6,509,3,4.64,1,6,3,28,27,18,2,18,5,2,100
"Karros, Kyle",2025,COL,3B,R,137,26,4,0,1,41,15,46.9,152,3,4.52,1,6,4,31,22,15,11,20,1,0,100
"Kayfus, CJ",2025,CLE,OF,L,123,12,10,1,4,38,11,39.1,134,-2,4.37,1,3,6,34,28,12,8,3,12,3,100
"Keaschall, Luke",2025,MIN,2B,R,182,37,14,0,4,29,19,46.1,201,-1,4.24,2,4,8,6,24,28,10,22,9,1,100
"Keith, Colt",2025,DET,DH/3B/2B,L,414,69,22,2,13,102,48,38,462,-3,4.36,1,3,6,21,30,14,12,15,6,2,100
"Kelly, Carson",2025,CHC,C,R,369,61,13,1,17,80,45,38.2,414,3,4.8,7,6,1,16,31,18,13,15,2,5,100
"Kemp, Otto",2025,PHI,3B,R,197,27,11,0,8,67,12,43.2,209,-7,4.35,1,2,6,41,24,11,3,11,6,4,100
"Kepler, Max",2025,PHI,OF,L,417,53,19,0,18,93,48,36.2,465,-2,4.41,1,3,5,17,35,20,12,8,3,5,100
"Kim, Ha-Seong",2025,ATL,SS,R,171,31,4,0,5,39,16,37.3,187,-2,4.46,1,3,5,19,33,18,9,19,0,2,100
"Kim, Hyeseong",2025,LAD,2B,L,161,35,6,1,3,52,7,52.7,168,2,4.08,1,5,10,39,18,12,0,27,4,0,100
"Kiner-Falefa, Isiah",2025,TOR,SS/3B,R,431,88,21,2,2,77,17,58.1,448,-2,4.39,1,3,6,12,10,47,0,25,6,0,100
"Kirk, Alejandro",2025,TOR,C,R,451,94,18,0,15,59,48,44.2,499,22,4.88,16,10,1,1,26,33,11,23,3,3,100
"Kjerstad, Heston",2025,BAL,OF,L,156,19,5,2,4,45,6,41.1,162,-7,4.47,1,2,5,33,29,23,0,9,4,2,100
"Koss, Christian",2025,SF,2B,R,174,34,9,0,3,45,9,51.5,183,0,4.33,1,4,6,26,18,27,1,23,5,0,100
"Kurtz, Nick",2025,ATH,1B,L,420,58,26,2,36,151,63,37.9,483,-5,4.47,3,2,5,40,15,0,17,9,7,12,100
"Kwan, Steven",2025,CLE,OF,L,625,129,29,1,11,60,55,39.1,680,11,4.28,1,9,7,0,34,31,8,23,4,0,100
"Langeliers, Shea",2025,ATH,C,R,480,70,32,0,31,102,36,37.3,516,-3,4.51,8,3,4,17,32,16,5,13,8,9,100
"Langford, Wyatt",2025,TEX,OF,R,489,70,25,1,22,151,74,35,563,9,4.32,9,8,6,31,29,2,18,10,5,5,100
"Larnach, Trevor",2025,MIN,DH/OF,L,503,84,24,1,17,122,53,43.7,556,-7,4.66,1,2,3,21,25,21,10,16,4,3,100
"Laureano, Ramón",2025,SD,OF,R,441,72,26,2,24,119,35,41.4,476,-5,4.31,62,2,6,27,26,11,6,16,7,7,100
"Lee, Brooks",2025,MIN,SS/3B/2B,S,487,83,15,1,16,92,31,44.3,518,-3,4.52,1,3,4,13,27,35,3,17,2,3,100
"Lee, Jung Hoo",2025,SF,OF,L,560,98,31,12,8,71,47,47.5,607,-2,4.19,1,3,9,1,23,42,7,18,9,0,100
"LeMahieu, DJ",2025,NYY,2B,R,128,29,3,0,2,35,14,60.2,142,0,4.78,1,4,2,27,12,24,11,26,0,0,100
"Lewis, Royce",2025,MIN,3B,R,376,58,18,0,13,80,25,36.6,401,2,4.45,1,5,5,17,35,23,4,14,4,3,100
"Lile, Daylen",2025,WSH,OF,L,321,61,15,11,9,56,21,36.4,342,-10,4.23,21,1,8,10,34,18,4,21,11,2,100
"Lindor, Francisco",2025,NYM,SS,S,644,106,35,0,31,131,65,39,709,3,4.4,8,6,5,14,31,19,10,15,5,6,100
"Locklear, Tyler",2025,AZ,1B,R,103,15,0,0,3,43,10,60,113,-2,4.62,1,3,3,53,15,9,9,12,0,2,100
"Lockridge, Brandon",2025,MIL,OF,R,134,23,7,1,0,36,8,58.3,142,4,4.18,1,6,9,28,12,32,3,18,7,0,100
"Loftin, Nick",2025,KC,OF,R,168,20,9,2,4,27,14,39.6,182,0,4.48,1,4,5,7,34,37,7,7,7,1,100
"Loperfido, Joey",2025,TOR,OF,L,96,24,4,0,4,27,4,42.9,100,-1,4.34,23,4,6,31,24,4,0,33,3,5,100
"Lopez, Otto",2025,MIA,SS/2B,R,544,98,21,0,15,82,44,48.6,588,6,4.22,1,7,8,5,21,45,6,19,2,2,100
"Lowe, Brandon",2025,TB,2B,L,507,80,19,0,31,149,38,37.9,545,-10,4.38,1,1,6,32,29,9,5,15,2,8,100
"Lowe, Josh",2025,TB,OF,L,396,53,21,2,11,109,33,46.6,429,-5,4.29,1,2,7,28,23,24,7,10,6,2,100
"Lowe, Nathaniel",2025,BOS,1B,L,540,79,23,3,18,159,62,43.8,602,-4,4.51,1,2,4,30,24,15,12,12,4,3,100
"Lukes, Nathan",2025,TOR,OF,L,388,66,19,2,12,60,38,46.7,426,5,4.44,1,7,5,5,24,39,9,16,5,2,100
"Lux, Gavin",2025,CIN,DH/OF,L,446,85,28,2,5,114,56,47.1,502,-7,4.27,1,2,7,23,22,15,14,19,7,0,100
"Machado, Manny",2025,SD,3B,R,615,109,33,0,27,131,55,38.9,670,-4,4.67,2,2,3,16,30,18,8,18,5,5,100
"MacIver, Willie",2025,ATH,C,R,102,11,5,0,3,27,7,49.3,109,-2,4.55,1,3,4,27,20,37,4,6,4,2,100
"Maldonado, Martín",2025,SD,C,R,147,20,6,0,4,57,8,42.7,155,-6,5.14,1,2,1,51,24,7,2,11,3,2,100
"Malloy, Justyn-Henry",2025,DET,DH/OF,R,104,16,6,0,1,32,20,32.4,124,0,4.65,1,4,3,29,31,0,24,11,5,0,100
"Mangum, Jake",2025,TB,OF,S,405,98,18,1,3,64,19,61.8,424,4,4.08,6,6,10,7,6,51,0,32,4,0,100
"Manzardo, Kyle",2025,CLE,DH/1B,L,470,62,19,2,27,135,48,30.3,518,-2,4.62,1,3,3,29,36,6,10,9,3,7,100
"Marchán, Rafael",2025,PHI,C,S,105,16,4,0,2,17,10,52.2,115,1,4.55,1,5,4,7,17,52,9,13,2,0,100
"Marsee, Jakob",2025,MIA,OF,L,209,35,18,3,5,48,22,44.4,231,3,4.38,25,6,6,19,24,16,10,16,14,1,100
"Marsh, Brandon",2025,PHI,OF,L,379,68,25,2,11,110,38,41.7,417,1,4.38,3,5,6,30,25,7,10,18,8,2,100
"Marte, Ketel",2025,AZ,2B/DH,S,480,80,28,0,28,83,64,40.8,544,-1,4.48,3,4,5,8,29,20,15,15,6,7,100
"Marte, Noelvi",2025,CIN,OF/3B,R,339,56,17,2,14,85,16,45.7,355,-3,4.36,1,3,6,25,24,23,0,17,6,5,100
"Marte, Starling",2025,NYM,DH,R,293,56,14,0,9,68,22,48.7,315,1,4.46,1,5,5,20,21,26,5,21,4,3,100
"Martin, Austin",2025,MIN,OF,R,156,34,8,1,1,31,22,52,178,0,4.41,10,4,5,12,18,25,16,24,5,0,100
"Martínez, Angel",2025,CLE,OF/2B,S,446,64,23,2,11,110,23,38.6,469,-3,4.37,1,3,6,24,32,22,1,13,6,2,100
"Martini, Nick",2025,COL,DH,L,102,18,4,0,1,18,9,45.2,111,0,4.42,1,4,5,10,25,36,8,18,3,0,100
"Massey, Michael",2025,KC,2B,L,262,52,9,0,3,43,9,31.3,271,3,4.55,1,6,4,9,44,21,0,24,2,0,100
"Mastrobuoni, Miles",2025,SEA,3B/OF,L,152,33,4,0,1,29,17,51.2,169,1,4.25,1,5,8,12,18,34,12,24,0,0,100
"Matos, Luis",2025,SF,OF,R,172,20,9,1,8,27,11,46.6,183,-6,4.44,1,2,5,7,24,47,3,7,6,6,100
"Mauricio, Ronny",2025,NYM,3B,S,168,26,6,0,6,54,15,45.6,183,2,4.73,1,5,2,36,23,14,8,14,2,3,100
"Mayer, Marcelo",2025,BOS,3B,L,127,16,8,1,4,41,8,48.3,135,2,4.44,1,5,5,38,21,17,3,9,9,3,100
"Mayo, Coby",2025,BAL,1B,R,263,34,12,0,11,84,27,35.8,290,-1,4.5,1,4,4,35,30,8,10,9,4,4,100
"McCann, James",2025,AZ,C,R,123,21,6,0,5,33,8,48.9,131,-2,4.71,1,3,2,28,21,22,4,17,4,4,100
"McCarthy, Jake",2025,AZ,OF,L,206,26,7,5,4,40,10,55.9,216,2,4.18,1,5,9,14,11,58,1,9,6,1,100
"McCormick, Chas",2025,HOU,OF,R,100,15,5,0,1,31,9,40,109,2,4.64,1,5,3,34,28,13,8,13,4,0,100
"McCutchen, Andrew",2025,PIT,DH,R,477,79,22,0,13,118,67,42.3,544,1,4.57,1,5,4,21,26,18,16,14,3,2,100
"McGuire, Reese",2025,CHC,C,L,133,19,2,0,9,27,4,41.3,137,4,4.58,1,6,4,17,30,30,0,13,0,10,100
"McKinstry, Zach",2025,DET,3B/OF/SS,L,452,71,23,11,12,111,46,40.9,498,-1,4.29,1,4,7,22,27,16,10,14,9,2,100
"McLain, Matt",2025,CIN,2B,R,510,79,18,0,15,167,55,39.7,565,6,4.21,1,7,8,36,27,9,11,13,2,2,100
"McMahon, Ryan",2025,NYY,3B,L,509,65,23,1,20,189,70,43.3,579,7,4.59,1,7,4,43,23,2,16,8,4,4,100
"McNeil, Jeff",2025,NYM,2B/OF,L,399,59,21,5,12,55,49,36.6,448,0,4.26,1,4,7,2,37,27,13,12,7,2,100
"Mead, Curtis",2025,CWS,1B/3B,R,240,42,10,1,3,63,15,37.6,255,0,4.64,1,4,3,27,32,16,3,18,4,0,100
"Meadows, Parker",2025,DET,OF,L,191,29,6,2,4,56,21,44.1,212,2,4.26,1,5,7,30,25,17,11,13,3,1,100
"Meidroth, Chase",2025,CWS,SS/2B,R,450,94,15,0,5,72,45,53.9,495,4,4.47,1,6,5,6,15,45,10,23,1,0,100
"Merrill, Jackson",2025,SD,OF,L,440,69,25,6,16,108,33,39.1,473,5,4.25,3,7,8,23,29,16,5,15,8,4,100
"Mervis, Matt",2025,MIA,1B,L,120,10,4,0,7,50,11,36.6,131,-1,4.5,1,4,4,54,27,1,8,1,1,8,100
"Meyers, Jake",2025,HOU,OF,R,343,80,15,2,3,67,31,48.9,374,8,4.41,3,8,5,13,21,26,8,28,4,0,100
"Misner, Kameron",2025,TB,OF,L,197,27,9,1,5,69,16,43.5,213,5,4.36,1,7,6,42,24,10,6,11,5,2,100
"Monasterio, Andruw",2025,MIL,SS,R,126,21,9,0,4,32,7,31.9,133,1,4.51,4,5,4,25,36,8,2,17,9,3,100
"Moncada, Yoán",2025,LAA,3B,S,248,31,13,2,12,75,32,36.6,280,-9,4.54,1,1,4,31,29,7,14,8,6,5,100
"Moniak, Mickey",2025,COL,OF,L,434,65,20,8,24,110,22,33.6,456,-12,4.33,36,1,6,26,34,10,1,14,8,7,100
"Montgomery, Colson",2025,CWS,SS,L,255,30,9,1,21,83,25,36.4,280,6,4.5,2,7,4,37,29,4,9,7,2,12,100
"Moore, Christian",2025,LAA,2B,R,162,19,5,1,7,62,19,41.2,181,-1,4.51,1,4,4,46,25,4,12,6,2,5,100
"Moore, Dylan",2025,TEX,2B/OF,R,219,28,5,0,11,82,20,35,239,-4,4.42,1,2,5,46,29,2,8,9,0,6,100
"Morel, Christopher",2025,TB,OF,R,278,34,16,0,11,109,25,39.6,303,-6,4.5,1,2,4,49,25,0,8,8,6,4,100
"Moreno, Gabriel",2025,AZ,C,R,277,57,12,1,9,53,29,39.4,306,8,4.45,3,8,5,12,30,18,10,23,4,3,100
"Mountcastle, Ryan",2025,BAL,1B/DH,R,332,58,18,0,7,98,15,45.8,347,-1,4.51,1,4,4,34,23,17,0,19,6,1,100
"Mullins, Cedric",2025,NYM,OF,L,435,53,23,1,17,120,50,32.4,485,-1,4.26,1,4,7,27,35,10,12,7,5,4,100
"Muncy, Max",2025,LAD,3B,L,313,45,10,2,19,83,64,31.5,377,-6,4.45,5,2,5,21,33,3,25,9,2,7,100
"Muncy, Max",2025,LAD,3B,L,206,28,7,0,9,68,10,45.3,216,-6,4.36,5,2,6,40,23,18,1,11,2,5,100
"Murphy, Sean",2025,ATL,C,R,291,29,13,0,16,105,35,46,326,7,4.86,1,7,1,42,22,10,13,3,3,7,100
"Myers, Dane",2025,MIA,OF,R,307,56,10,0,6,77,23,44.6,330,1,4.36,1,5,6,24,25,26,5,19,1,0,100
"Narváez, Carlos",2025,BOS,C,R,403,55,27,0,15,111,38,44.9,441,12,4.76,5,9,2,28,24,17,9,10,8,4,100
"Naylor, Bo",2025,CLE,C,L,359,33,22,1,14,99,45,31.6,404,0,4.41,1,4,5,26,37,10,14,2,7,4,100
"Naylor, Josh",2025,SEA,1B/DH,L,543,110,29,1,20,83,48,45.8,591,-1,4.86,1,4,1,5,24,31,8,23,5,4,100
"Neto, Zach",2025,LAA,SS,R,502,73,29,1,26,149,33,36.3,535,-4,4.43,2,2,5,33,29,7,4,13,7,7,100
"Newman, Kevin",2025,LAA,3B,R,114,19,2,0,2,23,1,52.2,115,-1,4.55,1,4,4,17,17,48,0,18,0,0,100
"Nimmo, Brandon",2025,NYM,OF,L,587,102,27,0,25,141,50,46,637,-1,4.33,2,4,6,22,23,22,7,17,4,5,100
"Noel, Jhonkensy",2025,CLE,OF,R,148,16,2,0,6,52,4,46.4,152,-1,4.58,1,4,4,46,23,20,0,6,0,5,100
"Nootbaar, Lars",2025,STL,OF,L,509,81,24,1,13,119,64,37.8,573,-4,4.4,1,2,5,19,31,17,14,14,4,1,100
"Norby, Connor",2025,MIA,3B,R,311,52,17,1,8,90,18,38.8,329,-3,4.42,1,3,5,32,29,12,2,17,6,2,100
"O'Hearn, Ryan",2025,SD,1B/DH/OF,L,474,94,21,1,17,109,58,45,532,4,4.5,1,6,4,18,24,17,13,21,4,3,100
"O'Hoppe, Logan",2025,LAA,C,R,423,62,8,1,19,139,24,40.2,447,-12,4.57,1,1,4,39,28,13,2,13,0,5,100
"O'Neill, Tyler",2025,BAL,OF,R,181,20,6,1,9,51,22,31.6,203,-5,4.4,1,2,5,28,37,9,13,5,2,6,100
"Ohtani, Shohei",2025,LAD,DH,L,611,83,25,9,55,187,109,39.7,720,8,4.2,5,8,8,29,24,0,22,8,5,12,100
"Olson, Matt",2025,ATL,1B,L,624,98,41,2,29,176,91,39.7,715,8,4.73,1,8,2,27,26,5,17,13,7,5,100
"Ortiz, Joey",2025,MIL,SS,R,470,82,18,1,7,74,27,45.5,497,10,4.27,1,8,7,7,26,44,2,18,3,0,100
"Osuna, Alejandro",2025,TEX,OF,L,151,26,4,0,2,34,21,42.9,172,1,4.27,1,5,7,17,27,24,16,16,0,0,100
"Outman, James",2025,MIN,OF,L,134,6,5,1,6,63,12,36.6,146,-1,4.29,1,4,7,64,19,0,8,0,4,5,100
"Ozuna, Marcell",2025,ATL,DH,R,487,73,19,0,21,144,94,40.3,581,12,4.83,1,9,1,27,26,6,24,11,2,4,100
"Pages, Andy",2025,LAD,OF,R,581,103,27,1,27,135,29,35.4,610,12,4.4,8,9,5,22,33,14,1,19,5,6,100
"Pagés, Pedro",2025,STL,C,R,361,57,15,0,11,107,19,43.1,380,6,4.8,1,7,1,34,26,18,1,15,3,3,100
"Palacios, Joshua",2025,CWS,OF,L,128,19,4,0,3,36,12,47.3,140,-5,4.47,1,2,5,29,22,25,9,13,1,1,100
"Paredes, Isaac",2025,HOU,3B,R,378,60,15,1,20,76,50,30.6,428,-3,4.87,3,3,1,13,39,11,15,13,3,6,100
"Paris, Kyren",2025,LAA,OF,R,126,13,4,1,6,59,10,37.3,136,2,4.44,1,5,5,64,16,0,6,5,3,6,100
"Pasquantino, Vinnie",2025,KC,1B/DH,L,621,98,33,1,32,107,49,38.2,670,-4,4.74,1,2,2,9,34,25,6,15,5,6,100
"Pauley, Graham",2025,MIA,3B,L,161,22,9,1,4,36,21,38.6,182,6,4.53,1,7,4,17,31,21,14,10,6,1,100
"Pederson, Joc",2025,TEX,DH,L,265,28,10,1,9,65,34,40.8,299,0,4.62,1,4,3,21,30,25,14,4,3,3,100
"Peña, Jeremy",2025,HOU,SS,R,493,101,30,2,17,93,35,47.9,528,6,4.28,1,7,7,13,22,26,5,24,7,3,100
"Peraza, Oswald",2025,LAA,3B,R,244,29,6,0,5,80,17,51.5,261,1,4.32,1,5,6,39,18,30,4,8,0,1,100
"Perdomo, Geraldo",2025,AZ,SS,S,597,115,33,5,20,83,94,39.8,691,3,4.46,4,6,5,1,30,22,19,19,6,3,100
"Perez, Salvador",2025,KC,C/DH/1B,R,597,76,35,0,30,125,28,35.1,625,-8,4.94,1,1,1,17,38,22,0,10,7,6,100
"Pérez, Wenceel",2025,DET,OF,S,344,50,17,4,13,87,31,36.6,375,3,4.33,1,6,6,24,32,13,8,12,7,4,100
"Perkins, Blake",2025,MIL,OF,S,155,24,6,2,3,47,15,51.9,170,2,4.19,1,5,9,33,18,21,9,14,5,0,100
"Pham, Tommy",2025,PIT,OF,R,392,68,17,1,10,94,50,51.2,442,-3,4.58,1,3,4,20,19,27,14,16,3,1,100
"Polanco, Jorge",2025,SEA,DH/2B,S,471,69,30,0,26,82,42,38,513,-4,4.35,2,2,6,9,33,24,8,12,7,7,100
"Pozo, Yohel",2025,STL,C,R,160,24,8,0,5,22,7,38.8,167,1,4.92,1,5,1,4,36,38,0,14,5,3,100
"Profar, Jurickson",2025,ATL,OF,S,318,47,16,1,14,59,48,36.3,366,-8,4.38,37,1,6,10,34,18,18,11,5,4,100
"Quero, Edgar",2025,CWS,C/DH,S,365,76,17,0,5,71,32,49.3,397,-15,4.8,1,1,1,13,20,31,8,24,4,0,100
"Rafaela, Ceddanne",2025,BOS,OF/2B,R,546,82,34,4,16,117,28,44,574,22,4.19,1,10,9,18,26,30,1,14,9,2,100
"Raleigh, Cal",2025,SEA,C/DH,S,596,63,24,0,60,188,97,25.8,693,7,4.68,18,7,3,32,29,0,19,4,2,14,100
"Raley, Luke",2025,SEA,OF/1B,L,183,25,8,0,4,64,19,52.8,202,-1,4.32,1,4,6,41,18,17,10,10,3,1,100
"Ramírez, Agustín",2025,MIA,C/DH,R,537,69,33,1,21,113,36,45.8,573,-13,4.78,1,1,2,17,25,34,4,9,7,4,100
"Ramírez, José",2025,CLE,3B/DH,S,593,101,34,3,30,74,66,33.3,659,6,4.29,6,7,7,0,40,20,11,16,7,6,100
"Ramos, Heliot",2025,SF,OF,R,620,113,24,1,21,158,52,44.4,672,-11,4.44,1,1,5,24,25,19,7,19,3,3,100
"Rave, John",2025,KC,OF,L,153,21,5,0,4,46,18,54.5,171,3,4.2,1,6,8,31,16,28,12,10,1,2,100
"Realmuto, J.T.",2025,PHI,C,R,502,90,26,1,12,129,35,44.7,537,-6,4.38,1,2,6,25,25,21,4,19,5,1,100
"Refsnyder, Rob",2025,BOS,OF/DH,R,182,28,12,0,9,54,24,43.8,206,-1,4.57,41,4,4,30,23,6,15,13,7,6,100
"Renfroe, Hunter",2025,KC,OF,R,99,12,6,0,0,21,8,43,107,-3,4.57,1,3,4,17,28,34,6,8,7,0,100
"Rengifo, Luis",2025,LAA,3B/2B,S,501,91,16,3,9,104,33,50.6,534,0,4.36,1,4,6,16,19,40,4,19,2,0,100
"Reynolds, Bryan",2025,PIT,OF/DH,S,587,87,38,3,16,173,57,47.2,644,-4,4.37,1,2,6,31,22,16,9,12,8,2,100
"Rice, Ben",2025,NYY,1B/DH/C,L,467,61,28,4,26,100,50,39.8,517,-1,4.53,3,4,4,16,30,19,11,9,8,7,100
"Riley, Austin",2025,ATL,3B,R,416,71,20,1,16,128,27,34.6,443,-1,4.48,1,4,5,35,30,5,4,17,5,4,100
"Ritter, Ryan",2025,COL,SS/2B,R,187,32,9,3,1,61,10,51.1,197,1,4.29,1,5,7,39,19,14,2,18,8,0,100
"Rivas, Leo",2025,SEA,2B,S,90,18,2,0,2,24,20,43.9,110,0,4.29,1,4,7,21,24,9,28,18,0,0,100
"Rivera, Emmanuel",2025,BAL,3B,R,120,26,4,0,0,24,6,41.7,126,0,4.78,1,4,2,15,29,26,1,27,2,0,100
"Robert Jr., Luis",2025,CWS,OF,R,382,59,12,0,14,112,40,38.3,422,7,4.36,1,7,6,30,30,13,10,13,1,3,100
"Robles, Victor",2025,SEA,OF,R,106,20,4,1,1,26,3,50,109,-3,4.36,1,3,6,25,20,29,0,22,4,0,100
"Rocchio, Brayan",2025,CLE,SS/2B,S,344,55,18,2,5,77,22,45.3,366,-2,4.55,1,3,4,19,25,32,3,15,6,0,100
"Roden, Alan",2025,MIN,OF,L,136,17,6,1,2,37,8,58.8,144,3,4.43,1,6,5,29,10,44,3,9,5,0,100
"Rodgers, Brendan",2025,HOU,2B,R,115,16,4,0,2,46,11,40,126,0,4.66,1,4,3,50,25,3,9,11,2,0,100
"Rodríguez, Julio",2025,SEA,OF,R,652,107,31,4,32,152,44,48.2,696,10,4.29,25,8,7,21,21,27,4,16,5,6,100
"Rogers, Jake",2025,DET,C,R,123,13,5,2,3,39,15,42.5,138,0,4.67,1,4,3,34,26,17,13,4,5,1,100
"Rojas, Johan",2025,PHI,OF,R,152,28,3,2,1,40,13,55.5,165,6,4.18,1,7,9,26,14,33,7,19,1,0,100
"Rojas, Josh",2025,CWS,3B/2B,L,189,23,9,0,2,48,19,41.7,208,-5,4.47,1,2,5,23,29,26,10,8,4,0,100
"Rojas, Miguel",2025,LAD,2B/3B/SS,R,290,51,18,0,7,46,24,45.7,314,5,4.65,1,7,3,7,25,35,7,18,7,1,100
"Rooker, Brent",2025,ATH,DH/OF,R,626,91,40,3,30,155,65,37,691,-3,4.59,12,3,4,22,31,11,10,12,8,6,100
"Rortvedt, Ben",2025,LAD,C,L,112,13,3,0,1,23,11,50,123,0,4.65,1,4,3,15,20,49,9,7,0,0,100
"Rosario, Amed",2025,NYY,3B,R,181,33,11,0,6,31,7,47.7,188,-5,4.46,2,2,5,10,22,37,0,21,7,3,100
"Ruiz, Keibert",2025,WSH,C,S,255,49,12,0,2,26,8,48.7,263,-10,4.87,1,1,1,0,22,51,0,23,4,0,100
"Rushing, Dalton",2025,LAD,C,L,142,20,5,0,4,58,10,34.9,152,-3,4.37,1,3,6,54,25,0,5,12,2,2,100
"Rutschman, Adley",2025,BAL,C,S,322,44,16,2,9,57,40,43.4,362,2,4.45,2,5,5,9,28,32,14,10,5,2,100
"Saggese, Thomas",2025,STL,2B/SS,R,275,52,17,0,2,83,16,41,291,-2,4.25,1,3,8,34,26,10,2,21,7,0,100
"Sánchez, Gary",2025,BAL,C,R,91,14,2,0,5,27,4,41.5,95,-5,4.5,1,2,4,34,27,17,0,15,0,7,100
"Sánchez, Jesús",2025,HOU,OF,L,451,68,21,4,14,110,42,48.4,493,0,4.48,1,4,5,22,21,28,8,13,5,3,100
"Sanoja, Javier",2025,MIA,OF/3B/2B,R,313,44,22,4,6,41,19,47.5,332,2,4.3,1,5,6,2,23,49,3,12,11,0,100
"Santana, Carlos",2025,CHC,1B,S,415,69,11,0,11,91,52,40.5,467,6,4.61,1,7,3,16,30,23,14,15,0,2,100
"Santander, Anthony",2025,TOR,DH/OF,S,194,23,5,0,6,61,25,37.3,219,-2,4.78,1,3,2,33,31,14,14,6,0,2,100
"Schanuel, Nolan",2025,LAA,1B,L,488,93,23,1,12,71,59,42.9,547,-1,4.56,1,4,4,3,28,32,13,19,4,1,100
"Schmitt, Casey",2025,SF,2B/3B,R,312,47,15,0,12,83,27,32.6,339,-2,4.55,1,3,4,26,36,10,7,13,4,4,100
"Schneemann, Daniel",2025,CLE,2B/OF/3B,L,379,47,18,1,12,117,38,47,417,8,4.31,1,8,6,33,22,20,10,8,4,3,100
"Schneider, Davis",2025,TOR,OF/2B,R,188,28,5,0,11,60,36,30.2,224,-2,4.49,6,3,5,31,28,0,24,10,0,7,100
"Schuemann, Max",2025,ATH,2B/3B/SS,R,183,28,4,2,2,35,22,45.4,205,6,4.41,1,7,5,11,25,37,13,13,1,0,100
"Schwarber, Kyle",2025,PHI,DH,L,604,64,23,2,56,197,108,34.3,712,-3,4.51,2,3,4,33,27,0,22,3,2,13,100
"Scott II, Victor",2025,STL,OF,L,398,65,15,1,5,111,42,44,440,12,4.13,1,9,9,28,25,18,11,15,3,0,100
"Seager, Corey",2025,TEX,SS,L,380,63,19,0,21,87,58,44.7,438,4,4.78,4,6,2,17,24,17,18,14,4,6,100
"Semien, Marcus",2025,TEX,2B,R,470,76,16,1,15,93,50,34.5,520,6,4.4,1,7,5,13,37,19,11,15,2,3,100
"Shaw, Matt",2025,CHC,3B,R,393,52,21,3,13,94,38,39.6,431,-1,4.29,1,4,7,21,30,21,9,10,6,3,100
"Sheets, Gavin",2025,SD,OF/DH,L,492,76,28,1,19,107,44,37.3,536,-1,4.49,3,4,5,17,33,18,8,14,6,4,100
"Simpson, Chandler",2025,TB,OF,L,414,104,15,3,0,43,20,60.4,434,-6,3.97,9,2,10,0,7,55,1,33,4,0,100
"Slater, Austin",2025,NYY,OF,R,148,20,6,1,5,51,11,48,159,0,4.45,1,4,5,41,21,15,5,11,4,3,100
"Smith, Cam",2025,HOU,OF,R,441,71,21,3,9,137,43,45.1,484,0,4.36,1,4,6,34,23,13,9,15,5,1,100
"Smith, Dominic",2025,SF,1B,L,204,41,12,0,5,42,15,42.2,219,-3,4.54,1,3,4,16,27,22,5,23,6,1,100
"Smith, Josh",2025,TEX,SS/3B/1B,L,495,89,23,2,10,100,55,44.6,550,-2,4.38,1,3,6,14,25,28,11,18,4,0,100
"Smith, Pavin",2025,AZ,DH/1B,L,244,37,17,1,8,92,41,42.2,285,-2,4.55,1,3,4,42,17,0,20,11,8,2,100
"Smith, Will",2025,LAD,C,R,362,69,20,1,17,89,64,32.7,426,-8,4.5,6,1,4,19,31,1,21,18,5,5,100
"Soderstrom, Tyler",2025,ATH,OF/1B,L,561,95,34,1,25,141,55,48.3,616,-1,4.41,1,4,5,23,21,19,9,16,7,5,100
"Sogard, Nick",2025,BOS,1B,S,96,17,8,0,0,24,5,43.1,101,-1,4.5,1,4,4,25,26,18,1,19,11,0,100
"Solano, Donovan",2025,TEX,1B,R,166,33,4,1,3,40,8,46.1,174,1,4.77,1,5,2,23,24,28,1,23,1,0,100
"Soler, Jorge",2025,LAA,OF/DH,R,279,36,12,0,12,94,28,43.6,307,-4,4.82,1,2,1,39,24,10,10,9,3,5,100
"Sosa, Edmundo",2025,PHI,2B/3B,R,243,43,12,1,11,56,10,45.3,253,4,4.32,2,6,6,22,24,23,0,19,6,6,100
"Sosa, Lenyn",2025,CWS,2B/1B,R,518,94,20,1,22,127,18,32.2,536,-2,4.71,1,3,2,25,36,11,0,20,3,5,100
"Soto, Juan",2025,NYM,OF,L,577,88,20,1,43,137,127,45.2,704,-13,4.58,3,1,4,16,23,14,27,10,1,9,100
"Springer, George",2025,TOR,DH/OF,R,498,94,27,1,32,111,69,37.9,567,-8,4.49,16,1,5,16,28,8,16,19,5,8,100
"Stallings, Jacob",2025,BAL,C,R,119,12,4,0,0,40,6,50,125,-4,5.08,1,2,1,41,20,31,1,5,2,0,100
"Stanton, Giancarlo",2025,NYY,DH/OF,R,249,36,8,0,24,96,29,35.1,278,-3,5.22,7,3,1,46,16,0,12,11,1,14,100
"Steer, Spencer",2025,CIN,1B,R,509,77,21,2,21,129,51,35.2,560,2,4.45,1,5,5,23,33,13,10,13,4,4,100
"Stephenson, Tyler",2025,CIN,C,R,299,38,18,0,13,116,37,38,336,-6,4.61,1,2,3,46,22,0,13,8,6,5,100
"Story, Trevor",2025,BOS,SS,R,612,107,29,0,25,176,33,43.6,645,-8,4.37,1,1,6,32,24,14,2,19,4,5,100
"Stott, Bryson",2025,PHI,2B,L,499,90,22,3,13,91,54,41.1,553,1,4.15,1,5,9,10,29,26,11,18,4,2,100
"Stowers, Kyle",2025,MIA,OF,L,399,66,21,3,25,125,48,38.7,447,0,4.51,4,4,4,33,25,0,13,15,6,8,100
"Straw, Myles",2025,TOR,OF,R,267,51,14,1,4,50,19,40.6,286,9,4.12,1,8,9,12,30,26,5,21,6,0,100
"Suárez, Eugenio",2025,SEA,3B,R,588,57,28,0,49,196,46,32.1,634,-3,4.69,1,3,3,39,33,3,6,3,4,12,100
"Suwinski, Jack",2025,PIT,OF,L,150,12,7,0,3,57,24,34.4,174,-2,4.3,1,3,6,43,31,4,19,0,3,0,100
"Suzuki, Seiya",2025,CHC,DH/OF,R,571,74,31,3,32,164,71,31.8,642,-1,4.35,33,4,6,28,33,4,14,8,6,7,100
"Swanson, Dansby",2025,CHC,SS,R,590,93,24,3,24,168,47,42.3,637,2,4.3,1,5,6,30,26,15,6,15,4,4,100
"Sweeney, Trey",2025,DET,SS,L,297,44,6,2,6,93,26,46.6,323,-5,4.35,1,2,6,35,23,20,8,13,0,1,100
"Tatis Jr., Fernando",2025,SD,OF,R,594,105,27,2,25,129,89,49,683,9,4.37,59,8,6,15,21,23,17,16,4,4,100
"Tauchman, Mike",2025,CWS,OF,L,335,61,17,1,9,86,45,36.8,380,0,4.75,1,4,2,23,29,8,15,18,5,2,100
"Taveras, Leody",2025,SEA,OF,S,171,25,6,1,3,50,5,36,176,-2,4.26,1,3,7,34,33,16,0,14,3,0,100
"Tawa, Tim",2025,AZ,OF/2B/1B,R,199,25,8,0,7,64,20,50.7,219,0,4.42,1,4,5,36,19,21,10,8,3,3,100
"Taylor, Chris",2025,LAA,OF,R,113,12,7,0,2,42,5,34.7,118,1,4.44,1,5,5,48,32,7,0,6,7,0,100
"Taylor, Michael A.",2025,CWS,OF,R,295,29,20,1,9,110,23,37.7,318,2,4.39,1,5,6,46,27,5,6,4,9,3,100
"Taylor, Tyrone",2025,NYM,OF,R,310,46,18,3,2,76,16,33.1,326,8,4.38,1,8,6,24,38,15,1,14,8,0,100
"Teel, Kyle",2025,CWS,C,L,253,50,11,0,8,77,37,37.1,290,-3,4.41,3,3,5,30,27,1,17,20,3,2,100
"Tellez, Rowdy",2025,TEX,1B,L,289,38,11,0,17,83,17,38.8,306,-4,4.9,1,2,1,32,29,15,3,10,3,8,100
"Tena, José",2025,WSH,3B,L,152,22,13,2,0,37,15,59.5,167,-4,4.25,1,2,8,22,11,33,9,12,13,0,100
"Teodosio, Bryce",2025,LAA,OF,R,138,18,7,2,1,47,5,46.8,143,9,4.18,1,8,9,43,22,16,0,11,8,0,100
"Thaiss, Matt",2025,TB,C,L,156,26,6,1,1,46,29,43.8,185,-5,4.72,1,2,2,27,24,9,23,14,3,0,100
"Thomas, Alek",2025,AZ,OF,L,433,77,19,3,9,122,21,53.6,454,0,4.24,1,4,8,31,17,26,1,19,5,1,100
"Thomas, Colby",2025,ATH,OF,R,120,16,5,0,6,49,7,37.3,127,-1,4.31,1,4,6,54,24,0,2,11,3,6,100
"Thomas, Lane",2025,CLE,OF,R,125,14,2,0,4,44,14,36.1,139,0,4.37,1,4,6,41,30,8,12,6,0,3,100
"Toglia, Michael",2025,COL,1B,S,306,31,15,1,11,132,28,36.4,334,-8,4.61,1,1,3,56,24,0,8,4,5,3,100
"Torkelson, Spencer",2025,DET,1B,R,563,76,27,1,31,169,72,27.6,635,-1,4.68,1,4,3,31,35,0,14,9,4,7,100
"Toro, Abraham",2025,BOS,1B,S,259,42,13,0,7,42,14,43.2,273,-4,4.33,1,2,6,8,29,38,2,16,5,2,100
"Torrens, Luis",2025,NYM,C,R,261,39,14,1,5,56,19,50.5,280,11,4.67,1,9,3,17,19,40,5,13,6,0,100
"Torres, Gleyber",2025,DET,2B,R,532,98,22,0,16,101,85,38.4,617,-3,4.69,1,3,3,10,31,19,19,17,2,2,100
"Tovar, Ezequiel",2025,COL,SS,R,360,60,18,4,9,98,21,35.6,381,3,4.47,1,6,5,29,32,11,2,17,7,2,100
"Trammell, Taylor",2025,HOU,OF,L,117,13,7,0,3,41,17,42.9,134,0,4.24,1,4,8,38,24,9,17,5,6,1,100
"Trevino, Jose",2025,CIN,C,R,282,43,20,0,4,39,15,47.6,297,0,4.84,1,4,1,4,23,48,2,14,9,0,100
"Triolo, Jared",2025,PIT,SS/3B/1B,R,331,48,18,2,7,76,39,40.9,370,5,4.38,1,7,6,18,29,23,12,11,6,1,100
"Trout, Mike",2025,LAA,DH/OF,R,456,65,14,1,26,178,87,34.2,543,-2,4.5,1,3,4,43,18,0,23,9,1,6,100
"Tucker, Kyle",2025,CHC,OF,L,500,82,25,4,22,88,87,33.9,587,0,4.52,18,4,4,7,36,14,21,13,5,4,100
"Turang, Brice",2025,MIL,2B,L,584,120,28,2,18,150,66,46.9,650,0,4.18,2,4,9,23,22,14,12,22,5,2,100
"Turner, Justin",2025,CHC,1B,R,169,27,7,0,3,37,17,39,186,1,4.82,1,5,1,17,32,24,10,14,3,0,100
"Turner, Trea",2025,PHI,SS,R,589,126,31,7,15,107,43,48.3,632,10,4.22,8,8,8,11,21,29,5,25,7,2,100
"Urías, Luis",2025,ATH,2B,R,287,51,7,0,8,45,31,44.1,318,-4,4.64,1,2,3,6,27,37,11,17,0,2,100
"Urías, Ramón",2025,HOU,3B/2B,R,352,57,17,0,11,88,27,41.6,379,4,4.63,1,6,3,24,28,20,6,15,4,3,100
"Urshela, Gio",2025,ATH,3B,R,181,28,14,1,0,40,13,47.9,194,-2,4.95,1,3,1,19,22,29,5,14,11,0,100
"Valdez, Enmanuel",2025,PIT,1B,L,91,11,4,2,2,16,11,34.7,102,3,4.66,1,6,3,9,39,24,13,7,7,1,100
"Vargas, Ildemaro",2025,AZ,2B,S,115,25,2,1,3,15,2,58.8,117,3,4.52,1,6,4,3,8,59,0,28,0,2,100
"Vargas, Miguel",2025,CWS,3B/1B,R,504,68,32,2,16,100,56,29,560,-4,4.43,1,2,5,13,43,13,11,10,7,3,100
"Varsho, Daulton",2025,TOR,OF,L,248,24,13,2,20,77,17,29.5,265,6,4.24,1,7,8,35,35,3,4,4,7,12,100
"Vaughn, Andrew",2025,MIL,1B,R,406,67,22,0,14,80,31,41.7,437,1,4.75,1,5,2,14,29,27,6,16,5,3,100
"Vázquez, Christian",2025,MIN,C,R,190,26,7,0,3,35,18,37.6,208,0,4.85,1,4,1,11,36,32,9,10,2,0,100
"Verdugo, Alex",2025,ATL,OF,L,197,37,10,0,0,31,14,44.6,211,-5,4.44,1,2,5,7,26,37,5,20,5,0,100
"Vientos, Mark",2025,NYM,3B/DH,R,424,59,21,2,17,115,30,41.5,454,-6,4.7,1,2,2,28,28,19,5,11,5,4,100
"Vierling, Matt",2025,DET,OF,R,88,17,3,0,1,24,7,33.3,95,0,4.5,1,4,4,28,34,9,6,21,2,0,100
"Volpe, Anthony",2025,NYY,SS,R,539,59,32,4,19,150,43,41.6,582,-5,4.36,1,2,6,29,28,20,6,6,8,3,100
"Wade Jr., LaMonte",2025,LAA,1B/OF,L,209,23,8,2,2,58,27,31.2,236,-5,4.73,1,2,2,26,39,12,14,5,4,0,100
"Wade, Tyler",2025,SD,OF,L,107,19,1,2,0,31,15,55,122,-2,4.24,1,3,8,28,16,23,16,17,0,0,100
"Wagaman, Eric",2025,MIA,1B/OF,R,476,79,28,3,9,100,32,44.1,508,-3,4.67,1,3,3,17,26,28,4,17,8,0,100
"Wagner, Will",2025,SD,3B,L,129,22,7,0,0,28,17,51,146,-3,4.53,1,3,4,16,19,29,15,16,5,0,100
"Walker, Christian",2025,HOU,1B,R,585,87,24,1,27,177,40,37.4,625,2,4.68,1,5,3,34,30,11,4,13,3,5,100
"Walker, Jordan",2025,STL,OF,R,363,58,13,1,6,126,29,47.5,392,-6,4.4,1,2,5,42,21,14,6,15,2,0,100
"Wallner, Matt",2025,MIN,OF,L,336,27,16,3,22,114,46,34.4,382,-2,4.44,1,3,5,37,31,4,15,0,5,8,100
"Walls, Taylor",2025,TB,SS,S,282,43,14,1,4,70,26,41.6,308,1,4.34,1,5,6,23,28,23,8,13,5,0,100
"Ward, Taylor",2025,LAA,OF,R,579,63,31,2,36,175,75,34.4,654,-2,4.51,6,3,4,31,31,6,14,5,5,8,100
"Waters, Drew",2025,KC,OF,S,206,40,6,3,1,60,11,47.3,217,-3,4.35,1,3,6,33,22,17,2,22,4,0,100
"Wells, Austin",2025,NYY,C,L,401,44,22,1,21,118,30,33,431,12,4.56,2,9,4,32,35,9,5,6,6,7,100
"Westburg, Jordan",2025,BAL,3B,R,328,59,10,1,17,80,17,43.4,345,2,4.23,4,5,8,24,26,20,1,20,2,7,100
"White, Eli",2025,ATL,OF,R,256,39,8,3,10,70,11,46.3,267,5,4.22,1,7,8,30,23,24,0,15,4,4,100
"Williams, Carson",2025,TB,SS,R,99,9,3,0,5,44,6,58.9,105,-2,4.43,1,3,5,61,15,11,3,3,1,6,100
"Williamson, Ben",2025,SEA,3B,R,277,56,13,0,1,64,15,58.6,292,0,4.49,1,4,5,21,11,38,2,24,4,0,100
"Wilson, Jacob",2025,ATH,SS,R,486,112,26,0,13,39,27,53.3,513,-3,4.51,6,3,4,0,16,46,2,29,5,2,100
"Wilson, Weston",2025,PHI,OF,R,111,13,4,0,5,34,12,42.3,123,-4,4.5,1,2,4,33,26,16,11,7,2,5,100
"Winn, Masyn",2025,STL,SS,R,491,88,27,0,9,102,34,39.2,525,17,4.32,1,10,6,16,32,23,4,19,6,0,100
"Witt Jr., Bobby",2025,KC,SS,R,623,108,47,6,23,125,49,37.4,672,20,4.15,11,10,9,14,31,16,6,18,11,4,100
"Wong, Connor",2025,BOS,C,R,168,24,8,0,0,42,16,51.2,184,-3,4.5,1,3,4,23,18,35,9,11,4,0,100
"Wood, James",2025,WSH,OF/DH,L,598,84,38,0,31,221,85,49.7,683,-6,4.23,5,2,8,42,20,0,16,10,6,6,100
"Wynns, Austin",2025,ATH,C,R,103,16,8,0,6,32,5,43.8,108,0,4.97,5,4,1,37,23,6,1,15,10,8,100
"Yastrzemski, Mike",2025,KC,OF,L,477,65,28,1,17,108,72,32.7,549,2,4.39,6,5,6,17,36,11,18,9,6,3,100
"Yelich, Christian",2025,MIL,DH,L,573,101,21,0,29,167,64,56.8,637,-2,4.37,1,3,6,30,15,18,12,17,2,6,100
"Yoshida, Masataka",2025,BOS,DH,L,188,35,11,0,4,24,10,56,198,0,4.38,1,4,6,2,11,57,2,21,6,1,100
"Young, Cole",2025,SEA,2B,L,223,35,7,1,4,47,28,38.3,251,-7,4.37,1,2,6,15,33,23,14,13,2,0,100
"Young, Jacob",2025,WSH,OF,R,324,62,10,1,2,65,27,56.5,351,15,4.25,1,7,-5,14,12,44,7,21,2,0,100
