,2025 MLB Pitcher,,,,163644,26115,7745,628,5650,40645,15379,42.4,179023,,,leaugue averange,,,22.70378666,26.66022578,19.62488842,8.590516302,14.5875111,4.677052669,3.156019059,
Player,Information,,,,Stats,,,,,,,,,,,Salary,,ABILITY,,,,,,,,
,Year,Team,Position,L/R,AB,1B,2B,3B,HR,SO,BB,GB%,AB+BB,G,IP,Salary,,IP,K,FO,GO,BB,1B,2B,HR,TOTAL
"Abbott, Andrew",2025,CIN,P,L,631,99,29,1,19,149,43,32.9,674,29,166.1,39,,6,22,38,15,4,15,4,2,100
"Abel, Mick",2025,MIN,P,R,157,31,2,2,8,39,16,37.3,173,10,39,12,,4,22,30,11,10,21,0,6,100
"Abreu, Bryan",2025,HOU,P,R,260,38,9,0,4,105,31,35.9,291,70,71,18,,2,49,24,0,13,12,2,0,100
"Adam, Jason",2025,SD,P,R,238,41,5,0,4,70,25,43.9,263,65,65.1,12,,2,31,25,17,10,17,0,0,100
"Adams, Travis",2025,MIN,P,R,132,23,9,1,6,31,17,33,149,18,33.2,12,,2,19,32,5,14,16,9,5,100
"Agnos, Zach",2025,COL,P,R,119,15,10,1,5,19,16,40.2,135,30,31.1,12,,2,5,31,25,15,8,12,4,100
"Akin, Keegan",2025,BAL,P,L,232,35,9,0,10,59,33,38.3,265,64,63.1,12,,1,22,30,14,16,12,2,4,100
"Alcala, Jorge",2025,STL,P,R,221,36,17,0,13,61,30,34.5,251,56,55,12,,1,26,29,0,15,14,9,7,100
"Alcantara, Sandy",2025,MIA,P,R,669,104,39,0,22,142,57,46.6,726,31,174.2,30,,6,16,23,31,7,14,6,3,100
"Alexander, Jason",2025,HOU,P,R,305,49,14,2,15,65,26,44.6,331,18,77.1,17,,5,17,25,25,7,15,5,6,100
"Alexander, Tyler",2025,CWS,P,L,386,78,17,3,9,82,30,35.7,416,52,97.2,12,,2,17,33,15,6,23,5,1,100
"Allard, Kolby",2025,CLE,P,L,245,45,13,1,5,42,14,38.3,259,33,65,12,,2,10,34,27,2,20,6,1,100
"Allen, Logan",2025,CLE,P,L,600,108,31,0,18,122,62,45.6,662,30,156.2,24,,6,14,24,27,10,18,5,2,100
"Altavilla, Dan",2025,CWS,P,R,100,10,5,0,4,21,15,52.5,115,28,29,12,,2,14,17,41,17,3,4,4,100
"Alvarado, Elvis",2025,ATH,P,R,159,21,7,0,6,50,22,39.4,181,37,42.1,12,,2,33,27,9,16,9,3,3,100
"Alvarado, José",2025,PHI,P,L,103,21,2,0,4,32,7,47.3,110,28,26,12,,1,35,21,12,4,24,0,4,100
"Alvarez, Andrew",2025,WSH,P,L,87,13,2,0,1,20,10,58.2,97,5,23.1,36,,5,19,10,47,12,12,0,0,100
"Anderson, Grant",2025,MIL,P,R,264,42,8,1,8,74,29,42.8,293,66,69.2,12,,2,28,26,18,11,14,1,2,100
"Anderson, Tyler",2025,LAA,P,L,533,75,29,3,28,104,57,29.4,590,26,136.1,20,,6,13,41,12,11,11,6,6,100
"Armstrong, Shawn",2025,TEX,P,R,254,25,8,2,5,74,20,35.9,274,71,74,18,,2,31,35,21,6,4,3,0,100
"Arrighetti, Spencer",2025,HOU,P,R,131,19,4,1,6,31,20,38.2,151,7,35.1,23,,6,18,30,16,18,11,2,5,100
"Ashby, Aaron",2025,MIL,P,L,238,42,7,2,3,76,24,62.4,262,43,66.2,13,,2,35,11,25,10,17,2,0,100
"Ashcraft, Braxton",2025,PIT,P,R,264,43,16,1,3,71,24,50.8,288,26,69.2,14,,3,27,19,24,8,15,7,0,100
"Ashcraft, Graham",2025,CIN,P,R,254,48,18,0,2,64,25,58.5,279,62,65.1,12,,2,23,13,27,9,20,8,0,100
"Assad, Javier",2025,CHC,P,R,136,23,4,3,3,23,12,46.5,148,8,37,20,,5,8,24,38,8,16,5,1,100
"Bachar, Lake",2025,MIA,P,R,258,33,9,3,10,75,30,35.1,288,53,71,12,,2,29,32,11,12,8,4,4,100
"Bachman, Sam",2025,LAA,P,R,82,17,4,0,1,18,10,56.9,92,23,20.1,12,,1,16,13,32,13,22,4,0,100
"Backhus, Kyle",2025,AZ,P,L,99,17,7,1,3,22,8,37.8,107,32,25.1,12,,1,18,31,16,6,17,10,2,100
"Baker, Bryan",2025,TB,P,R,255,35,9,2,13,83,17,37.9,272,73,68.2,12,,1,38,29,9,4,11,3,6,100
"Banda, Anthony",2025,LAD,P,L,229,26,10,1,8,61,35,39.8,264,71,65,12,,1,24,29,17,18,5,4,3,100
"Banks, Tanner",2025,PHI,P,L,250,39,6,2,9,61,12,38.9,262,69,67.1,12,,1,24,32,23,1,15,1,4,100
"Barlow, Scott",2025,CIN,P,R,250,33,8,1,8,75,45,44.1,295,75,68.1,12,,1,28,24,15,22,8,1,2,100
"Barnett, Mason",2025,ATH,P,R,91,17,6,0,3,18,11,35.1,102,5,22.1,12,,5,13,33,12,13,19,7,3,100
"Bassitt, Chris",2025,TOR,P,R,667,118,31,3,22,166,52,46.1,719,32,170.1,33,,6,23,23,22,6,18,5,3,100
"Bautista, Félix",2025,BAL,P,R,119,9,4,0,3,50,23,50.7,142,35,34.2,12,,1,48,19,7,24,0,1,1,100
"Baz, Shane",2025,TB,P,R,633,95,36,1,26,176,64,47,697,31,166.1,33,,6,28,22,17,10,13,6,4,100
"Bazardo, Eduard",2025,SEA,P,R,280,38,5,1,9,82,27,38.6,307,73,78.2,12,,2,31,30,17,9,10,0,3,100
"Beck, Tristan",2025,SF,P,R,211,30,8,2,7,41,16,42.2,227,31,56.2,12,,2,13,29,33,6,12,4,3,100
"Bednar, David",2025,NYY,P,R,230,32,8,2,4,86,19,44.1,249,64,62.2,13,,1,46,24,9,7,11,3,0,100
"Beeks, Jalen",2025,AZ,P,L,208,25,11,0,6,47,20,46.9,228,61,57.1,12,,1,19,23,35,9,7,5,2,100
"Beeter, Clayton",2025,WSH,P,R,84,9,1,0,3,33,18,39.6,102,26,25.1,12,,1,42,25,0,27,3,0,3,100
"Bello, Brayan",2025,BOS,P,R,620,107,23,1,16,124,59,50,679,29,166.2,32,,6,14,20,36,9,17,2,2,100
"Bellozo, Valente",2025,MIA,P,R,316,54,15,1,15,54,23,32,339,32,81.1,12,,3,9,41,17,5,17,5,6,100
"Bender, Anthony",2025,MIA,P,R,181,21,7,1,3,42,21,48.9,202,51,50,12,,1,19,21,39,12,6,3,0,100
"Bergert, Ryan",2025,KC,P,R,284,39,13,1,8,73,35,29.4,319,19,76.1,24,,5,23,39,9,13,10,4,2,100
"Bernardino, Brennan",2025,BOS,P,L,190,30,8,0,1,43,27,50.3,217,55,51.2,12,,1,17,19,32,16,13,3,0,100
"Berríos, José",2025,TOR,P,R,632,102,30,2,26,138,56,42.3,688,31,166,27,,6,17,27,24,8,15,5,4,100
"Bibee, Tanner",2025,CLE,P,R,692,114,24,5,27,162,54,45.3,746,31,182.1,33,,6,21,24,26,6,16,3,4,100
"Bido, Osvaldo",2025,ATH,P,R,313,57,16,1,19,68,35,30.7,348,26,79.2,12,,4,16,35,6,12,18,5,8,100
"Bieber, Shane",2025,TOR,P,R,151,21,5,0,8,37,7,49.1,158,7,40.1,43,,6,24,21,34,0,12,2,7,100
"Bird, Jake",2025,NYY,P,R,217,40,12,1,7,66,25,46.1,242,48,55.1,12,,2,32,22,7,12,18,6,3,100
"Birdsong, Hayden",2025,SF,P,R,252,37,12,2,10,68,37,34,289,21,65.2,12,,4,24,32,7,17,11,5,4,100
"Bivens, Spencer",2025,SF,P,R,309,57,15,5,6,61,25,52.8,334,54,81,12,,2,14,17,36,6,20,7,0,100
"Blackburn, Paul",2025,NYY,P,R,159,30,7,4,6,34,12,43.8,171,15,39,12,,3,17,25,20,5,21,8,4,100
"Blalock, Bradley",2025,COL,P,R,243,59,9,0,17,27,23,40.5,266,14,58.2,12,,5,0,29,20,9,30,2,10,100
"Blanco, Ronel",2025,HOU,P,R,176,21,9,0,7,48,20,35.9,196,9,48.1,38,,6,26,33,13,12,7,5,4,100
"Blewett, Scott",2025,BAL,P,R,171,30,5,1,9,35,18,49.3,189,26,44.1,12,,2,14,20,31,10,17,2,6,100
"Blubaugh, AJ",2025,HOU,P,R,112,8,3,0,6,35,12,34.6,124,11,32,19,,3,34,34,14,11,0,0,7,100
"Booser, Cam",2025,CWS,P,L,120,15,5,0,8,35,19,32.2,139,39,31,12,,1,28,32,3,19,7,3,8,100
"Borucki, Ryan",2025,TOR,P,L,125,17,8,0,4,32,16,58.3,141,39,35,12,,1,23,12,31,14,10,7,3,100
"Boushley, Caleb",2025,TEX,P,R,177,37,12,0,5,41,14,39.7,191,25,43.1,12,,2,20,28,12,6,24,8,2,100
"Bowlan, Jonathan",2025,KC,P,R,161,22,9,0,6,46,17,49.6,178,34,44.1,12,,2,29,20,21,11,10,5,4,100
"Bowman, Matt",2025,BAL,P,R,106,17,10,0,4,18,6,35.2,112,20,24.2,12,,2,9,36,20,2,16,13,4,100
"Boyd, Matthew",2025,CHC,P,L,656,107,25,3,19,154,42,39,698,31,179.2,41,,6,21,32,23,3,16,3,2,100
"Boyle, Joe",2025,TB,P,R,195,25,12,0,6,58,28,44.5,223,13,52,17,,4,29,24,14,17,8,6,2,100
"Bradish, Kyle",2025,BAL,P,R,115,18,2,0,3,47,10,33.8,125,6,32,100,,6,52,25,0,7,14,0,2,100
"Bradley, Taj",2025,MIN,P,R,539,84,27,1,19,127,56,43.3,595,27,142.2,30,,6,20,26,22,10,14,5,3,100
"Brash, Matt",2025,SEA,P,R,174,31,6,0,4,58,18,56.2,192,53,47.1,12,,1,38,16,15,10,18,2,1,100
"Brasier, Ryan",2025,CHC,P,R,98,18,7,0,2,20,5,40,103,28,26,12,,1,16,30,23,1,20,9,1,100
"Brazobán, Huascar",2025,NYM,P,R,225,37,7,1,6,57,27,51.7,252,52,63,12,,2,23,18,27,13,15,2,2,100
"Brebbia, John",2025,ATL,P,R,97,16,7,0,5,26,12,31.9,109,22,23.1,12,,2,25,32,1,13,15,8,6,100
"Brieske, Beau",2025,DET,P,R,88,15,4,0,5,16,12,40,100,22,22,12,,1,9,30,21,15,15,3,7,100
"Brogdon, Connor",2025,LAA,P,R,178,24,9,1,11,49,18,31.1,196,43,47,12,,2,27,34,5,10,10,6,8,100
"Brown, Ben",2025,CHC,P,R,433,80,19,4,18,121,32,42.9,465,25,106.1,21,,5,29,25,11,5,20,5,5,100
"Brown, Hunter",2025,HOU,P,R,661,93,20,3,17,206,57,48.1,718,31,185.1,64,,6,35,21,22,7,11,2,2,100
"Brown, McCade",2025,COL,P,R,103,18,6,0,6,23,17,34.6,120,7,25.2,12,,4,16,31,6,20,15,5,7,100
"Brubaker, JT",2025,SF,P,R,103,17,5,1,0,22,12,43.9,115,17,28.2,12,,2,16,26,25,12,15,6,0,100
"Brzykcy, Zach",2025,WSH,P,R,96,17,5,0,6,24,12,26.4,108,26,23,12,,1,22,34,0,14,17,5,8,100
"Bubic, Kris",2025,KC,P,L,431,68,21,3,6,116,39,46.5,470,20,116.1,48,,6,27,23,22,8,14,6,0,100
"Buehler, Walker",2025,PHI,P,R,490,91,16,1,22,92,60,42.5,550,26,126,13,,5,11,27,23,13,19,2,5,100
"Bummer, Aaron",2025,ATL,P,L,204,34,12,2,3,51,18,55.8,222,42,54.1,12,,2,23,14,31,8,16,8,0,100
"Burke, Brock",2025,LAA,P,L,228,40,7,3,8,52,18,53.3,246,69,61.2,12,,1,20,16,34,6,18,3,3,100
"Burke, Sean",2025,CWS,P,R,522,77,30,1,23,133,63,36.1,585,28,134.1,18,,5,23,31,10,13,12,6,5,100
"Burnes, Corbin",2025,AZ,P,R,233,29,13,0,7,63,26,50.9,259,11,64.1,42,,6,26,19,29,11,8,5,2,100
"Burns, Chase",2025,CIN,P,R,171,23,12,1,5,67,16,37.1,187,13,43.1,26,,4,49,21,0,9,10,9,2,100
"Burrows, Mike",2025,PIT,P,R,362,62,11,2,13,97,31,41.3,393,23,96,25,,5,27,27,17,7,17,2,3,100
"Buttó, José",2025,SF,P,R,242,40,16,2,4,58,32,48.2,274,55,67,12,,2,20,21,21,15,15,8,0,100
"Cabrera, Edward",2025,MIA,P,R,519,80,24,0,17,150,48,47.5,567,26,137.2,43,,6,30,22,19,8,14,4,3,100
"Cabrera, Génesis",2025,MIN,P,L,165,26,8,0,12,35,18,39.4,183,40,42.2,12,,2,16,29,16,11,14,4,10,100
"Cameron, Noah",2025,KC,P,L,509,72,17,2,18,114,43,42.2,552,24,138.1,38,,6,19,29,29,7,11,2,3,100
"Canning, Griffin",2025,NYM,P,R,292,51,10,1,8,70,34,51.6,326,16,76.1,22,,5,20,18,29,12,17,2,2,100
"Cannon, Jonathan",2025,CWS,P,R,417,68,25,4,19,86,38,37.6,455,22,103.2,14,,5,15,32,17,8,15,8,5,100
"Cano, Yennier",2025,BAL,P,R,218,47,7,1,7,53,24,55.9,242,65,58,12,,1,21,15,24,11,24,2,3,100
"Cantillo, Joey",2025,CLE,P,L,357,50,18,0,10,108,42,41.4,399,34,95.1,14,,3,31,27,14,12,10,4,2,100
"Carrasco, Carlos",2025,ATL,P,R,193,35,15,1,10,34,17,36,210,11,45.2,12,,5,10,33,13,8,19,11,6,100
"Casparius, Ben",2025,LAD,P,R,307,47,22,1,8,71,21,34,328,46,77.2,12,,2,21,36,14,4,14,9,2,100
"Castillo, José",2025,BAL,P,L,129,29,7,0,4,30,14,55.4,143,29,32,12,,2,19,16,21,11,26,5,2,100
"Castillo, Luis",2025,SEA,P,R,689,108,34,3,23,162,46,41.1,735,32,180.2,36,,6,21,29,23,4,15,5,3,100
"Cavalli, Cade",2025,WSH,P,R,197,41,8,1,7,40,15,55.1,212,10,48.2,17,,5,15,15,33,6,24,4,3,100
"Cease, Dylan",2025,SD,P,R,636,93,37,1,21,215,71,37.3,707,32,168,43,,6,38,27,3,11,12,6,3,100
"Cecconi, Slade",2025,CLE,P,R,506,72,27,2,24,109,32,41.4,538,23,132,29,,6,18,29,26,3,12,6,6,100
"Chafin, Andrew",2025,LAA,P,L,122,26,1,0,2,36,19,46.6,141,42,33.2,12,,1,28,22,10,18,22,0,0,100
"Chandler, Bubba",2025,PIT,P,R,117,16,6,1,2,31,4,46.5,121,7,31.1,47,,5,29,23,29,0,12,7,0,100
"Chapman, Aroldis",2025,BOS,P,L,212,20,5,0,3,85,15,38.3,227,67,61.1,24,,1,52,29,11,5,3,0,0,100
"Chivilli, Angel",2025,COL,P,R,246,51,12,0,13,43,23,49.8,269,43,58.2,12,,2,9,20,28,9,23,4,7,100
"Civale, Aaron",2025,CHC,P,R,392,54,26,0,16,88,33,34.9,425,23,102,20,,5,19,35,16,7,11,8,4,100
"Clarke, Taylor",2025,KC,P,R,196,23,6,1,8,44,9,44.1,205,51,55.1,12,,2,20,27,38,0,8,2,5,100
"Clase, Emmanuel",2025,CLE,P,R,180,35,8,1,2,47,12,47.1,192,48,47.1,12,,1,26,22,21,4,22,5,0,100
"Cleavinger, Garrett",2025,TB,P,L,217,25,5,1,9,82,18,47.1,235,67,61.1,12,,1,47,22,12,7,7,0,5,100
"Corbin, Patrick",2025,TEX,P,L,602,107,31,2,21,131,51,41,653,31,155.1,26,,6,17,29,21,7,18,5,3,100
"Cortes, Nestor",2025,SD,P,L,134,19,4,0,13,29,20,33,154,8,34.1,12,,5,15,34,9,17,10,1,14,100
"Coulombe, Danny",2025,TEX,P,L,156,25,4,0,3,43,18,41.7,174,55,43,12,,1,27,27,20,12,14,0,0,100
"Cox, Austin",2025,ATL,P,L,94,14,7,0,9,22,7,45.2,101,13,21.1,12,,2,21,23,14,5,13,9,15,100
"Crismatt, Nabil",2025,AZ,P,R,142,28,4,2,6,25,9,45.8,151,8,34,16,,5,10,24,33,3,22,3,5,100
"Crochet, Garrett",2025,BOS,P,L,762,111,28,2,24,255,46,49.3,808,32,205.1,108,,7,40,20,18,3,13,3,3,100
"Cruz, Fernando",2025,NYY,P,R,172,21,7,0,5,72,24,39.6,196,49,48,12,,1,51,22,0,16,7,2,2,100
"Cruz, Steven",2025,KC,P,R,169,24,7,0,5,38,18,40.2,187,47,45.2,12,,1,18,30,25,11,11,3,2,100
"Curtiss, John",2025,AZ,P,R,135,16,8,0,5,24,5,30.4,140,30,36.2,12,,2,12,47,22,0,8,7,4,100
"Dana, Caden",2025,LAA,P,R,117,18,3,0,9,33,18,41.6,135,7,32.1,14,,5,26,25,9,18,12,0,10,100
"Darvish, Yu",2025,SD,P,R,269,36,15,1,14,68,19,40.4,288,15,72,22,,5,25,29,18,5,10,6,7,100
"De Los Santos, Enyel",2025,HOU,P,R,252,37,16,1,7,62,24,33.3,276,65,66,12,,2,22,35,12,9,12,8,2,100
"De los Santos, Yerry",2025,NYY,P,R,139,30,6,0,1,28,17,56.1,156,25,35.2,12,,2,13,14,33,13,24,3,0,100
"deGrom, Jacob",2025,TEX,P,R,624,76,19,1,26,185,37,38.1,661,30,172.2,63,,6,33,32,18,3,8,1,5,100
"DeSclafani, Anthony",2025,AZ,P,R,148,18,8,0,11,36,12,43.1,160,13,38.2,12,,3,22,26,22,6,8,5,11,100
"Detmers, Reid",2025,LAA,P,L,238,43,9,0,6,80,25,45.3,263,61,63.2,12,,2,38,23,8,10,18,2,1,100
"Díaz, Edwin",2025,NYM,P,R,225,27,6,0,4,98,21,48.1,246,62,66.1,29,,2,57,21,7,8,7,0,0,100
"Dobbins, Hunter",2025,BOS,P,R,237,40,14,1,6,45,17,48.4,254,13,61,20,,5,13,21,35,5,17,7,2,100
"Dodd, Dylan",2025,ATL,P,L,128,17,5,1,5,30,5,52,133,28,35,12,,2,22,17,42,0,11,4,4,100
"Dollander, Chase",2025,COL,P,R,381,70,14,1,18,82,49,42.4,430,21,98,13,,5,15,27,19,14,18,2,5,100
"Domínguez, Seranthony",2025,TOR,P,R,222,31,8,0,5,79,36,43.1,258,67,62.2,12,,1,39,24,6,19,9,2,1,100
"Doval, Camilo",2025,NYY,P,R,238,38,9,0,4,72,35,53.6,273,69,65.1,12,,1,30,17,21,17,13,2,0,100
"Dreyer, Jack",2025,LAD,P,L,276,36,14,2,4,74,24,39.2,300,67,76.1,12,,2,27,31,20,7,9,6,0,100
"Dubin, Shawn",2025,BAL,P,R,132,25,6,0,6,28,11,49,143,30,33.2,12,,2,16,21,27,7,20,4,5,100
"Dunning, Dane",2025,ATL,P,R,84,15,5,0,4,21,7,40.6,91,12,20.2,12,,2,23,27,13,7,18,6,6,100
"Duran, Jhoan",2025,PHI,P,R,263,47,8,0,3,80,19,65.4,282,72,70,12,,1,34,7,34,5,19,1,0,100
"Eflin, Zach",2025,BAL,P,R,289,51,19,0,18,50,13,42.2,302,14,71.1,17,,6,10,28,26,0,19,8,9,100
"Eisert, Brandon",2025,CWS,P,L,272,41,20,2,12,74,25,40.1,297,72,69.2,12,,1,27,27,10,8,13,10,5,100
"Elder, Bryce",2025,ATL,P,R,616,109,32,2,24,131,51,48.9,667,28,156.1,24,,6,17,21,27,7,18,6,4,100
"Englert, Mason",2025,TB,P,R,171,35,4,0,4,44,11,41.4,182,29,44.2,12,,2,26,28,18,3,24,0,1,100
"Enns, Dietrich",2025,BAL,P,L,183,36,7,1,6,49,15,42.6,198,24,46.1,12,,2,27,25,13,7,22,3,3,100
"Enright, Nic",2025,CLE,P,R,113,18,3,0,3,30,12,33.7,125,27,31,12,,2,25,35,13,11,14,0,2,100
"Eovaldi, Nathan",2025,TEX,P,R,463,59,20,1,10,129,21,51.2,484,22,130,80,,6,31,18,36,0,10,4,1,100
"Erceg, Lucas",2025,KC,P,R,227,40,9,1,4,48,18,52,245,61,61.1,12,,2,16,17,40,6,18,3,0,100
"Estévez, Carlos",2025,KC,P,R,241,31,11,1,5,54,22,25.4,263,67,66,12,,1,18,49,11,8,9,4,1,100
"Estrada, Jeremiah",2025,SD,P,R,269,36,9,1,12,108,27,35.5,296,77,73,12,,1,50,23,0,10,10,2,5,100
"Evans, Logan",2025,SEA,P,R,313,52,15,2,13,59,31,40.2,344,16,81.1,21,,6,12,30,24,9,16,5,4,100
"Fairbanks, Pete",2025,TB,P,R,224,27,10,1,7,59,18,45.8,242,61,60.1,12,,1,26,24,29,6,8,4,3,100
"Falter, Bailey",2025,KC,P,L,464,68,27,1,19,81,46,36.2,510,26,125.1,15,,5,9,36,24,9,12,6,4,100
"Farris, Mitch",2025,LAA,P,L,92,13,5,2,4,24,11,22.5,103,5,24.1,16,,5,24,38,0,13,11,9,5,100
"Faucher, Calvin",2025,MIA,P,R,225,40,4,1,8,59,24,45,249,65,60.1,12,,1,25,24,19,11,18,0,3,100
"Fedde, Erick",2025,MIL,P,R,546,94,32,2,19,83,67,42.1,613,32,141,12,,5,4,29,29,13,16,6,3,100
"Feltner, Ryan",2025,COL,P,R,122,20,9,0,4,25,12,48,134,6,30.1,22,,6,15,22,27,9,15,9,3,100
"Ferguson, Caleb",2025,SEA,P,L,236,41,11,0,2,51,22,49.7,258,70,65.1,12,,1,17,20,34,8,17,4,0,100
"Ferguson, Tyler",2025,ATH,P,R,201,31,5,3,4,54,34,38.3,235,56,58,12,,2,23,30,13,20,12,2,0,100
"Fermin, José",2025,LAA,P,R,127,14,3,0,8,39,23,31.5,150,40,34.1,12,,1,29,33,4,22,4,0,8,100
"Fernandez, Ryan",2025,STL,P,R,123,23,4,3,6,34,16,46.1,139,32,30.1,12,,1,26,22,9,14,19,5,5,100
"Ferrer, José A.",2025,WSH,P,L,294,62,12,2,5,71,16,64.3,310,72,76.1,12,,2,23,6,40,2,25,4,0,100
"Festa, David",2025,MIN,P,R,204,32,7,0,10,53,19,36.6,223,11,53.1,22,,5,25,32,13,8,14,2,6,100
"Festa, Matt",2025,CLE,P,R,199,33,6,1,4,56,15,42.7,214,63,54.2,12,,1,30,26,20,5,16,2,1,100
"Finnegan, Kyle",2025,DET,P,R,204,30,8,3,4,55,18,49.4,222,56,57,12,,2,27,20,28,8,12,5,0,100
"Fisher, Braydon",2025,TOR,P,R,177,22,6,0,4,62,19,36.4,196,52,50,12,,1,41,30,8,11,8,1,1,100
"Fitts, Richard",2025,BOS,P,R,171,30,2,0,11,40,16,43.3,187,11,45,18,,5,20,26,19,9,17,0,9,100
"Flaherty, Jack",2025,DET,P,R,614,92,31,1,23,188,59,37.1,673,31,161,40,,6,33,29,7,9,13,5,4,100
"Flexen, Chris",2025,CHC,P,R,164,29,2,0,7,22,12,36.8,176,21,43.2,12,,3,2,38,32,5,18,0,5,100
"Fluharty, Mason",2025,TOR,P,L,187,22,8,0,6,56,24,42.1,211,55,52.2,12,,1,30,27,17,14,6,3,3,100
"Francis, Bowden",2025,TOR,P,R,251,46,5,1,19,54,27,33.8,278,14,64,12,,5,16,34,9,11,19,0,11,100
"Freeland, Kyle",2025,COL,P,L,657,132,34,5,22,124,38,41.6,695,31,162.2,22,,6,13,28,24,2,23,7,3,100
"Fried, Max",2025,NYY,P,L,737,117,26,7,14,189,51,52.6,788,32,195.1,80,,7,25,17,35,4,15,4,0,100
"Fulmer, Carson",2025,LAA,P,R,110,15,4,1,5,26,11,43,121,13,29.1,12,,3,20,27,24,10,10,4,5,100
"Funderburk, Kody",2025,MIN,P,L,160,33,9,0,2,40,18,54.1,178,39,41,12,,2,22,16,23,12,22,5,0,100
"Gaddis, Hunter",2025,CLE,P,R,248,39,9,2,8,73,21,37.4,269,73,66.2,12,,1,32,30,10,7,14,4,3,100
"Gage, Matt",2025,SF,P,L,122,28,7,0,0,27,12,52.1,134,33,31,12,,1,18,18,22,9,27,6,0,100
"Gallen, Zac",2025,AZ,P,R,737,104,37,4,31,175,66,44.4,803,33,192,31,,6,21,25,24,8,11,6,5,100
"García, Luis",2025,LAA,P,R,203,36,15,2,2,48,26,49.7,229,58,55.1,12,,1,19,20,20,14,17,10,0,100
"Garcia, Rico",2025,BAL,P,R,131,22,3,1,5,38,10,47.9,141,29,34.1,12,,2,31,21,20,6,17,1,4,100
"Garcia, Robert",2025,TEX,P,L,242,42,8,0,8,68,22,39.9,264,71,64,12,,1,29,28,14,8,17,1,3,100
"García, Yimi",2025,TOR,P,R,76,10,1,0,2,25,12,44.2,88,22,21,12,,1,34,24,14,19,8,0,1,100
"Garrett, Reed",2025,NYM,P,R,211,30,12,0,5,64,26,42.2,237,58,55.1,12,,1,31,26,13,13,11,5,1,100
"Gausman, Kevin",2025,TOR,P,R,716,98,34,2,21,189,50,37.3,766,32,193,73,,7,27,33,18,4,11,5,2,100
"Gibaut, Ian",2025,CIN,P,R,100,17,6,0,3,15,8,37.2,108,25,25.1,12,,2,5,36,28,6,17,6,2,100
"Gibson, Cade",2025,MIA,P,L,201,31,9,1,3,43,21,51.9,222,44,54.2,12,,2,16,17,40,10,13,4,0,100
"Gil, Luis",2025,NYY,P,R,208,28,14,0,5,41,33,32,241,11,57,22,,6,11,39,14,19,9,7,1,100
"Gilbert, Logan",2025,SEA,P,R,494,63,20,1,20,173,31,39.8,525,25,131,70,,6,43,27,11,3,9,3,4,100
"Gilbert, Tyler",2025,CWS,P,L,186,24,11,0,5,49,24,33.6,210,46,51,12,,2,24,35,11,14,8,6,2,100
"Gillispie, Connor",2025,MIA,P,R,109,15,11,0,6,23,11,38.6,120,6,26,12,,5,16,29,14,10,10,14,7,100
"Ginkel, Kevin",2025,AZ,P,R,102,20,7,0,2,29,13,46.8,115,29,25.2,12,,1,28,22,9,14,20,7,0,100
"Ginn, J.T.",2025,ATH,P,R,354,53,20,2,17,99,31,52.3,385,23,90.1,15,,4,29,18,19,8,13,7,6,100
"Giolito, Lucas",2025,BOS,P,R,547,91,22,1,17,121,56,39.5,603,26,145,30,,6,17,31,21,10,16,3,2,100
"Gipson-Long, Sawyer",2025,DET,P,R,121,17,9,0,8,26,6,40.4,127,8,31.1,12,,4,18,29,22,1,12,9,9,100
"Glasnow, Tyler",2025,LAD,P,R,316,34,12,0,10,106,43,44.4,359,18,90.1,58,,6,36,24,17,15,4,2,2,100
"Gomber, Austin",2025,COL,P,L,252,46,18,2,16,34,17,34.5,269,12,57.2,12,,5,3,36,18,4,20,10,9,100
"Gómez, Yoendrys",2025,CWS,P,R,243,38,9,1,12,58,27,36.9,270,21,62.2,12,,3,20,32,14,11,14,3,6,100
"Gonsolin, Tony",2025,LAD,P,R,135,21,3,0,9,38,18,40.8,153,7,36,24,,6,27,26,10,15,13,0,9,100
"González, Wikelman",2025,CWS,P,R,73,8,4,0,1,25,12,32,85,16,20.1,12,,2,36,32,3,20,4,5,0,100
"Gordon, Colton",2025,HOU,P,L,352,58,23,1,21,72,19,32.9,371,20,86,13,,5,16,36,13,2,17,8,8,100
"Gordon, Tanner",2025,COL,P,R,316,59,18,3,16,62,17,35.3,333,15,75.1,19,,6,15,34,14,2,21,8,6,100
"Gore, MacKenzie",2025,WSH,P,L,602,103,28,1,20,185,63,38.5,665,30,159.2,37,,6,33,27,7,10,16,4,3,100
"Graceffo, Gordon",2025,STL,P,R,175,29,14,5,2,40,13,45.7,188,26,43,12,,2,20,23,20,5,16,16,0,100
"Granillo, Andre",2025,STL,P,R,79,14,3,2,3,18,7,29.2,86,14,21,12,,2,19,38,6,8,18,7,4,100
"Gray, Sonny",2025,STL,P,R,705,125,31,4,25,201,38,45.1,743,32,180.2,42,,6,31,23,16,2,19,5,4,100
"Green, Chad",2025,TOR,P,R,175,31,6,0,14,35,13,33.6,188,45,43.2,12,,1,15,35,13,5,18,2,12,100
"Greene, Hunter",2025,CIN,P,R,391,37,22,1,15,132,26,34.2,417,19,107.2,71,,6,41,33,9,4,3,6,4,100
"Gusto, Ryan",2025,MIA,P,R,407,75,21,1,17,97,36,36.8,443,27,101.2,12,,4,21,31,11,8,19,5,5,100
"Hader, Josh",2025,HOU,P,L,184,11,10,0,8,76,16,22.5,200,48,52.2,21,,2,53,30,0,7,0,5,5,100
"Hagenman, Justin",2025,NYM,P,R,96,15,5,0,4,23,2,38.4,98,9,23.2,14,,3,24,31,18,0,16,6,5,100
"Hall, DL",2025,MIL,P,L,138,15,6,1,2,27,17,36.9,155,20,38.2,12,,2,12,37,29,13,5,4,0,100
"Halvorsen, Seth",2025,COL,P,R,150,23,10,1,7,36,20,52.6,170,42,39.2,12,,1,20,18,22,15,12,8,5,100
"Hamilton, Ian",2025,NYY,P,R,139,18,4,1,5,42,22,39,161,36,40,12,,2,29,28,11,19,8,2,3,100
"Hancock, Emerson",2025,SEA,P,R,346,62,16,0,15,64,31,43.9,377,22,90,15,,5,11,26,28,8,18,4,5,100
"Hanifee, Brenan",2025,DET,P,R,243,46,14,2,3,40,14,55.4,257,54,60,12,,2,8,13,48,2,21,8,0,100
"Harris, Hogan",2025,ATH,P,L,239,37,12,0,5,65,33,34.8,272,48,64.2,12,,2,25,32,9,16,13,4,1,100
"Harrison, Kyle",2025,BOS,P,L,141,22,8,1,4,38,14,39.8,155,11,35.2,17,,4,26,28,14,9,14,7,2,100
"Hart, Kyle",2025,SD,P,L,163,21,8,0,9,37,13,33.1,176,20,43,12,,3,19,38,17,6,9,4,7,100
"Hatch, Thomas",2025,MIN,P,R,135,26,7,0,7,22,17,44.2,152,12,34,12,,3,6,25,24,14,20,5,6,100
"Headrick, Brent",2025,NYY,P,L,84,8,5,0,4,30,7,27.8,91,17,23,13,,2,43,35,0,7,3,6,6,100
"Heaney, Andrew",2025,LAD,P,L,479,69,34,1,25,86,40,37.9,519,27,122.1,13,,5,10,33,23,7,12,9,6,100
"Helsley, Ryan",2025,NYM,P,R,222,41,12,0,8,63,25,45.4,247,58,56,12,,1,28,23,10,12,19,5,3,100
"Henderson, Logan",2025,MIL,P,R,91,13,1,0,3,33,8,22.4,99,5,25.1,83,,6,44,33,0,8,12,0,3,100
"Hendricks, Kyle",2025,LAA,P,R,638,102,37,3,25,114,43,39.2,681,31,164.2,23,,6,11,32,27,4,15,7,4,100
"Henriquez, Ronny",2025,MIA,P,R,267,33,12,0,8,98,27,40.8,294,69,73,15,,2,44,26,7,10,8,3,2,100
"Henry, Cole",2025,WSH,P,R,196,28,8,0,7,52,32,32.2,228,57,52.2,12,,1,23,35,8,19,10,2,3,100
"Herget, Jimmy",2025,COL,P,R,309,50,15,1,6,81,26,35.2,335,59,83.1,12,,2,26,34,13,7,15,5,0,100
"Hernández, Carlos",2025,CLE,P,R,175,38,8,0,4,39,22,34.3,197,41,43.1,12,,2,17,32,9,14,24,3,1,100
"Hernández, Daysbel",2025,ATL,P,R,131,19,5,0,3,33,29,45.5,160,39,37,12,,1,19,23,18,28,9,2,1,100
"Herrin, Tim",2025,CLE,P,L,155,24,8,0,5,45,30,41.6,185,54,42.2,12,,1,26,25,8,24,11,4,2,100
"Hicks, Jordan",2025,BOS,P,R,269,56,15,3,6,58,32,56.7,301,34,67.1,12,,2,16,14,26,13,23,7,1,100
"Hill, Jaden",2025,COL,P,R,111,18,5,2,2,31,12,44.6,123,28,29.1,12,,2,28,24,15,11,15,7,0,100
"Hill, Tim",2025,NYY,P,L,251,41,9,0,8,37,16,64.2,267,70,67,12,,1,5,-1,72,3,16,2,3,100
"Hodge, Porter",2025,CHC,P,R,127,19,4,2,9,40,18,38.2,145,36,33,12,,1,32,26,1,16,12,4,9,100
"Hoffman, Jeff",2025,TOR,P,R,253,25,14,0,15,84,27,40.7,280,71,68,12,,1,37,26,10,11,3,5,8,100
"Hoglund, Gunnar",2025,ATH,P,R,127,22,6,0,10,23,11,41,138,6,32.1,13,,6,11,29,21,7,17,4,11,100
"Holderman, Colin",2025,PIT,P,R,104,23,7,0,4,18,16,52.8,120,24,25.2,12,,2,7,17,23,18,24,7,4,100
"Holman, Grant",2025,ATH,P,R,93,20,3,0,3,17,9,43.4,102,22,23,12,,2,11,26,25,9,25,1,3,100
"Holmes, Clay",2025,NYM,P,R,622,110,25,1,14,129,66,55.9,688,33,165.2,31,,6,15,13,40,11,17,3,1,100
"Holmes, Grant",2025,ATL,P,R,426,68,15,1,16,123,54,45.8,480,22,115,35,,6,29,23,14,14,14,2,4,100
"Holton, Tyler",2025,DET,P,L,287,43,7,0,15,64,17,48.1,304,70,78.2,12,,2,19,22,35,3,14,0,7,100
"Horton, Cade",2025,CHC,P,R,433,67,17,1,10,97,33,42.8,466,23,118,43,,6,19,28,29,6,14,3,1,100
"Houck, Tanner",2025,BOS,P,R,179,39,8,0,10,32,17,49,196,9,43.2,12,,5,10,21,25,9,25,3,7,100
"Houser, Adrian",2025,TB,P,R,467,88,20,4,10,92,38,48.9,505,21,125,29,,6,14,21,33,6,20,5,1,100
"Hurter, Brant",2025,DET,P,L,236,45,8,0,4,68,27,50.9,263,43,63,12,,2,29,19,19,12,20,1,0,100
"Iglesias, Raisel",2025,ATL,P,R,247,31,12,0,8,73,17,32,264,70,67.1,12,,1,33,37,10,4,9,4,3,100
"Imanaga, Shota",2025,CHC,P,L,537,65,20,1,31,117,26,30,563,25,144.2,36,,6,19,44,16,1,9,3,8,100
"Irvin, Jake",2025,WSH,P,R,717,116,38,3,38,124,62,43.5,779,33,180,19,,6,9,27,29,7,15,6,7,100
"Jackson, Luke",2025,SEA,P,R,182,33,4,0,4,38,28,52.7,210,52,51,12,,1,13,17,34,18,17,0,1,100
"Jacob, Alek",2025,SD,P,R,131,23,7,0,6,23,14,38.2,145,29,33.1,12,,2,9,32,21,11,17,5,5,100
"Jansen, Kenley",2025,LAA,P,R,212,23,5,1,8,57,19,28.7,231,62,59,12,,1,27,43,12,8,5,1,4,100
"Jarvis, Bryce",2025,AZ,P,R,86,12,8,0,3,21,10,33.3,96,12,22,12,,2,21,34,8,12,10,12,3,100
"Javier, Cristian",2025,HOU,P,R,139,21,7,1,3,34,15,31.8,154,8,37,23,,5,21,37,11,11,13,6,1,100
"Jax, Griffin",2025,TB,P,R,257,44,12,1,7,99,21,46.6,278,73,66,12,,1,49,20,0,7,17,5,2,100
"Jobe, Jackson",2025,DET,P,R,185,29,9,1,7,39,27,44,212,10,49,15,,5,14,25,23,17,13,5,3,100
"Johnson, Pierce",2025,ATL,P,R,215,35,8,1,8,59,19,34.6,234,65,59,12,,1,28,33,9,8,15,3,4,100
"Junis, Jakob",2025,CLE,P,R,249,46,11,2,5,55,18,42.1,267,57,66.2,12,,2,18,28,23,5,20,5,1,100
"Junk, Janson",2025,MIA,P,R,421,74,29,1,8,77,13,41.4,434,21,110,34,,6,13,29,28,0,20,9,1,100
"Kahnle, Tommy",2025,DET,P,R,235,33,8,2,8,50,31,47.6,266,66,63,12,,1,15,22,32,15,10,3,3,100
"Keller, Brad",2025,CHC,P,R,247,37,4,0,4,75,22,56.6,269,68,69.2,18,,2,33,14,32,8,13,0,0,100
"Keller, Mitch",2025,PIT,P,R,686,108,40,2,21,150,51,44.3,737,32,176.1,32,,6,18,26,26,5,15,7,3,100
"Kelly, Kevin",2025,TB,P,R,160,25,7,2,11,35,9,44.1,169,41,39.2,12,,1,19,25,23,2,15,6,10,100
"Kelly, Merrill",2025,TEX,P,R,696,96,35,3,23,167,48,43.7,744,32,184,41,,6,22,26,28,4,11,6,3,100
"Kelly, Michael",2025,ATH,P,R,143,20,7,0,5,29,19,42.7,162,42,39.2,12,,1,13,28,27,15,10,4,3,100
"Kelly, Zack",2025,BOS,P,R,134,23,9,0,3,35,12,43.1,146,28,35.1,12,,2,25,25,16,8,17,8,1,100
"Kerkering, Orion",2025,PHI,P,R,231,38,11,0,6,65,27,43.5,258,69,60,12,,1,28,25,15,12,15,4,1,100
"Kershaw, Clayton",2025,LAD,P,L,420,70,22,2,8,84,35,48.2,455,23,112.2,22,,5,14,22,35,7,16,6,0,100
"Kikuchi, Yusei",2025,LAA,P,L,689,120,35,1,24,174,74,40.3,763,33,178.1,28,,6,23,28,13,11,17,5,3,100
"King, Bryan",2025,HOU,P,L,258,43,7,0,10,69,11,42.4,269,68,68,12,,1,29,27,22,0,17,1,4,100
"King, John",2025,STL,P,L,206,50,7,0,8,28,14,60,220,51,48.1,12,,1,3,8,48,4,31,2,4,100
"King, Michael",2025,SD,P,R,277,38,12,0,12,76,26,39.1,303,15,73.1,26,,5,27,30,16,9,10,3,5,100
"Kinley, Tyler",2025,ATL,P,R,270,36,11,0,6,73,33,33.7,303,73,72.2,12,,1,25,36,13,13,9,3,1,100
"Kirby, George",2025,SEA,P,R,480,85,20,1,15,137,29,44.4,509,23,126,46,,6,31,24,16,3,19,4,3,100
"Kittredge, Andrew",2025,CHC,P,R,194,26,6,2,7,64,11,49.6,205,54,53,12,,1,40,20,20,2,11,3,4,100
"Knack, Landon",2025,LAD,P,R,162,22,7,1,10,42,19,31.1,181,10,42.1,17,,5,24,36,6,12,10,4,8,100
"Kochanowicz, Jack",2025,LAA,P,R,440,100,14,1,21,72,58,52.5,498,23,111,12,,5,6,17,30,15,26,1,5,100
"Koenig, Jared",2025,MIL,P,L,241,39,11,1,6,68,20,46.6,261,72,66,12,,1,29,23,20,7,15,5,1,100
"Kolek, Stephen",2025,KC,P,R,417,74,13,2,9,77,31,51.7,448,19,112.2,36,,6,12,18,44,5,18,2,1,100
"Kranick, Max",2025,NYM,P,R,142,24,5,0,5,25,7,36.4,149,24,37,12,,2,11,37,27,1,18,2,4,100
"Kremer, Dean",2025,BAL,P,R,656,106,32,3,22,142,45,40.2,701,31,171.2,32,,6,18,30,24,4,16,5,3,100
"Latz, Jacob",2025,TEX,P,L,310,45,14,3,7,76,37,37.9,347,33,85.2,12,,3,21,31,18,13,11,5,1,100
"Lauer, Eric",2025,TOR,P,L,396,51,22,2,15,102,26,29.7,422,28,104.2,19,,4,26,40,9,4,10,7,4,100
"Lazar, Max",2025,PHI,P,R,157,25,9,0,7,26,12,37.9,169,36,41.1,12,,2,8,34,26,6,15,6,5,100
"Leahy, Kyle",2025,STL,P,R,328,59,16,0,5,80,28,44.5,356,62,88,12,,2,22,25,23,7,19,4,0,100
"Leasure, Jordan",2025,CWS,P,R,237,22,14,1,12,81,30,28.7,267,68,64.1,12,,1,38,33,0,14,2,7,6,100
"Lee, Chase",2025,DET,P,R,134,16,7,2,7,36,9,35.6,143,32,37.1,12,,2,28,33,12,4,8,8,7,100
"Lee, Dylan",2025,ATL,P,L,249,33,7,0,13,76,14,38.6,263,74,68.1,12,,1,35,30,14,2,11,1,7,100
"Legumina, Casey",2025,SEA,P,R,190,31,9,0,7,55,25,39.4,215,48,49.2,12,,2,28,27,9,15,14,4,3,100
"Leiter Jr., Mark",2025,NYY,P,R,197,41,10,1,5,54,17,47.2,214,59,48.1,12,,1,28,21,12,7,24,6,2,100
"Leiter, Jack",2025,TEX,P,R,571,84,25,0,18,148,67,37.8,638,29,151.2,36,,6,24,31,16,12,12,3,2,100
"Liberatore, Matthew",2025,STL,P,L,593,105,32,2,19,122,40,39,633,29,151.2,28,,6,16,31,21,4,19,6,3,100
"Littell, Zack",2025,CIN,P,R,712,104,33,1,36,130,32,40.7,744,32,186.2,29,,6,12,32,32,0,13,4,7,100
"Little, Brendon",2025,TOR,P,L,245,35,9,2,2,91,45,59.9,290,79,68.1,12,,1,40,15,10,22,10,3,0,100
"Lively, Ben",2025,CLE,P,R,163,24,8,0,6,29,15,30.6,178,9,44.2,18,,5,10,44,18,8,12,4,4,100
"Loáisiga, Jonathan",2025,NYY,P,R,121,19,8,0,7,25,10,50,131,30,29.2,12,,1,15,20,28,7,14,8,8,100
"Lodolo, Nick",2025,CIN,P,L,592,92,23,1,22,156,31,44.6,623,29,156.2,48,,6,27,25,25,1,15,3,4,100
"Long, Sam",2025,KC,P,L,165,33,8,0,7,33,22,41.7,187,39,40.1,12,,2,13,27,16,15,21,4,4,100
"Lopez, Jacob",2025,ATH,P,L,352,51,14,1,15,113,37,28.6,389,21,92.2,28,,5,35,35,0,10,12,3,5,100
"López, Jorge",2025,WSH,P,R,94,20,2,2,1,17,6,46.8,100,26,24.2,12,,1,11,23,35,3,25,3,0,100
"López, Pablo",2025,MIN,P,R,285,44,13,1,6,73,20,38.6,305,14,75.2,49,,6,25,31,19,5,14,5,1,100
"Lord, Brad",2025,WSH,P,R,494,84,22,3,17,108,43,49,537,48,130.2,12,,3,18,21,29,7,17,5,3,100
"Lorenzen, Michael",2025,KC,P,R,557,90,30,4,25,127,39,39.2,596,27,141.2,26,,6,20,30,18,4,16,7,5,100
"Lucas, Easton",2025,TOR,P,L,92,16,4,0,5,23,12,34.2,104,6,24.1,14,,5,22,32,7,14,16,3,6,100
"Lucchesi, Joey",2025,SF,P,L,149,22,8,1,4,31,12,54.2,161,38,38.1,12,,2,16,15,41,6,13,7,2,100
"Lugo, Seth",2025,KC,P,R,546,82,23,1,27,125,55,39.3,601,26,145.1,26,,6,19,30,19,10,13,3,6,100
"Luzardo, Jesús",2025,PHI,P,L,696,118,33,0,16,216,57,42.7,753,32,183.2,52,,6,35,25,11,7,17,4,1,100
"Lynch IV, Daniel",2025,KC,P,L,254,46,12,0,8,45,26,49.1,280,57,67.2,12,,2,9,21,35,10,18,4,3,100
"Mahle, Tyler",2025,TEX,P,R,316,51,12,1,5,66,29,38.6,345,16,86.2,39,,6,16,33,25,8,15,3,0,100
"Manaea, Sean",2025,NYM,P,L,241,37,11,1,13,75,12,37.9,253,15,60.2,28,,5,37,28,7,1,15,5,7,100
"Márquez, Germán",2025,COL,P,R,530,99,40,6,23,83,48,36.9,578,26,126.1,12,,5,6,33,17,8,20,11,5,100
"Martin, Chris",2025,TEX,P,R,164,34,3,0,6,43,7,43.4,171,49,42.1,12,,1,28,25,18,0,25,0,4,100
"Martin, Davis",2025,CWS,P,R,541,84,29,3,20,104,48,45.9,589,26,142.2,24,,6,13,24,31,8,14,6,4,100
"Martinez, Nick",2025,CIN,P,R,621,91,44,1,22,116,42,39.3,663,40,165.2,18,,5,12,32,27,4,13,9,3,100
"Maton, Phil",2025,TEX,P,R,214,27,12,0,3,81,24,46,238,63,61.1,12,,1,45,22,8,12,8,5,0,100
"Matsui, Yuki",2025,SD,P,L,233,31,10,2,10,61,33,32.2,266,61,63.1,12,,2,23,35,9,16,9,4,4,100
"Matthews, Zebby",2025,MIN,P,R,323,67,15,0,12,88,24,33.1,347,16,79.1,20,,5,28,31,4,5,24,4,4,100
"Mattson, Isaac",2025,PIT,P,R,172,24,7,0,4,45,19,28.8,191,44,47.2,12,,2,24,41,9,11,11,3,1,100
"Matz, Steven",2025,BOS,P,L,293,49,13,3,8,59,11,47.7,304,53,76.2,12,,2,16,22,36,0,18,6,2,100
"May, Dustin",2025,BOS,P,R,510,84,21,6,21,123,56,42.7,566,25,132.1,25,,6,21,26,18,11,15,5,4,100
"Mazur, Adam",2025,MIA,P,R,125,21,8,0,4,19,12,43,137,6,30,14,,5,5,28,32,9,16,7,3,100
"McCullers Jr., Lance",2025,HOU,P,R,227,38,12,1,10,61,39,47.6,266,16,55.1,12,,4,23,21,12,21,14,5,4,100
"McGreevy, Michael",2025,STL,P,R,373,69,15,4,12,58,20,48,393,17,95.2,24,,6,7,22,40,2,21,5,3,100
"McLean, Nolan",2025,NYM,P,R,170,26,4,0,4,57,16,60.2,186,8,48,74,,6,39,12,26,9,13,0,1,100
"Mears, Nick",2025,MIL,P,R,197,27,6,2,7,46,14,34.8,211,63,56.2,12,,1,21,37,20,5,11,3,3,100
"Megill, Trevor",2025,MIL,P,R,172,22,11,0,3,60,17,40,189,50,47,12,,1,41,26,8,9,9,7,0,100
"Megill, Tylor",2025,NYM,P,R,261,43,10,1,6,89,33,40.9,294,14,68.1,33,,5,38,25,4,14,15,3,1,100
"Mejia, Juan",2025,COL,P,R,226,31,13,2,6,68,25,38.9,251,55,61.1,12,,2,31,28,11,11,10,7,2,100
"Melton, Troy",2025,DET,P,R,162,20,4,0,7,36,15,43.8,177,16,45.2,13,,3,18,27,34,8,8,0,5,100
"Messick, Parker",2025,CLE,P,L,159,35,7,0,4,38,6,48.8,165,7,39.2,36,,6,23,21,22,0,28,4,2,100
"Mey, Luis",2025,CIN,P,R,77,12,2,0,3,21,17,50.9,94,23,21,12,,1,22,19,17,28,11,0,3,100
"Meyer, Max",2025,MIA,P,R,261,48,12,0,12,68,20,49.7,281,12,64.2,29,,6,26,20,19,6,20,4,5,100
"Mikolas, Miles",2025,STL,P,R,622,94,42,4,29,100,37,40.8,659,31,156.1,20,,6,8,31,29,3,14,9,6,100
"Miller, Bryce",2025,SEA,P,R,348,53,22,1,17,74,34,39.3,382,18,90.1,21,,6,16,30,19,9,13,7,6,100
"Miller, Erik",2025,SF,P,L,101,19,5,0,0,22,20,49.4,121,36,30,12,,1,14,20,21,24,17,4,0,100
"Miller, Mason",2025,SD,P,R,202,18,3,2,5,104,28,41.6,230,60,61.2,32,,2,68,14,0,16,1,0,1,100
"Miller, Shelby",2025,MIL,P,R,164,23,5,0,5,54,15,34.5,179,48,46,12,,1,38,32,8,8,11,1,2,100
"Milner, Hoby",2025,TEX,P,L,266,47,14,2,5,58,21,53.8,287,73,70.1,12,,1,18,16,36,6,18,6,0,100
"Misiorowski, Jacob",2025,MIL,P,R,239,33,9,1,8,87,30,34.9,269,15,66,36,,5,42,28,0,14,10,3,3,100
"Mize, Casey",2025,DET,P,R,581,98,30,4,21,139,36,40.3,617,28,149,32,,6,22,29,19,3,17,6,4,100
"Mlodzinski, Carmen",2025,PIT,P,R,385,72,20,2,8,89,27,48.5,412,34,99,12,,3,21,21,26,5,20,6,1,100
"Molina, Anthony",2025,COL,P,R,148,32,8,0,12,24,6,42.1,154,17,34.2,12,,3,8,27,20,0,27,6,12,100
"Montas, Frankie",2025,NYM,P,R,161,26,14,0,8,32,14,41.2,175,9,38.2,12,,5,14,28,19,7,15,11,6,100
"Montero, Keider",2025,DET,P,R,355,65,13,1,16,72,31,41.2,386,20,90.2,16,,5,15,29,22,7,19,3,5,100
"Montero, Rafael",2025,DET,P,R,215,26,11,0,5,58,37,48.7,252,59,60.1,12,,2,23,21,24,21,6,4,1,100
"Montgomery, Mason",2025,TB,P,L,177,33,10,0,6,63,27,44.9,204,57,46,12,,1,39,17,0,18,18,5,3,100
"Morales, Luis",2025,ATH,P,R,179,23,5,2,8,43,18,35,197,10,48.2,23,,5,21,36,17,10,9,2,5,100
"Morejon, Adrian",2025,SD,P,L,263,41,5,1,2,70,17,54.3,280,75,73.2,12,,1,27,15,39,4,15,0,0,100
"Morgan, David",2025,SD,P,R,168,24,6,1,4,50,23,44.9,191,41,47.1,12,,2,30,24,16,15,11,3,1,100
"Morillo, Juan",2025,AZ,P,R,128,27,7,2,2,36,20,50.5,148,42,34.1,12,,1,26,19,8,18,22,7,0,100
"Morton, Charlie",2025,ATL,P,R,557,95,31,3,23,149,72,44.4,629,33,142,16,,5,25,24,11,14,16,6,4,100
"Muñoz, Andrés",2025,SEA,P,R,216,28,6,0,2,83,28,51.4,244,64,62.1,14,,1,45,19,14,14,8,0,0,100
"Murphy, Chris",2025,BOS,P,L,122,15,2,0,4,30,20,53.8,142,23,34.2,12,,2,20,16,35,20,7,0,2,100
"Myers, Tobias",2025,MIL,P,R,201,39,9,1,5,38,15,37,216,22,50.2,12,,3,12,34,21,5,22,5,1,100
"Nance, Tommy",2025,TOR,P,R,117,23,2,0,0,32,7,52.3,124,30,31.2,17,,2,29,18,27,3,23,0,0,100
"Nelson, Ryne",2025,AZ,P,R,572,73,25,9,17,132,41,40,613,33,154,28,,5,20,31,27,5,9,6,2,100
"Neris, Héctor",2025,HOU,P,R,104,14,9,0,6,35,16,29.2,120,35,26.2,12,,1,36,20,0,18,9,10,7,100
"Newcomb, Sean",2025,ATH,P,L,350,73,16,0,5,91,31,47.5,381,48,92.1,12,,2,25,22,17,8,24,4,0,100
"Nicolas, Kyle",2025,PIT,P,R,146,23,7,1,3,34,18,41.6,164,31,38,12,,2,19,28,21,13,13,5,1,100
"Nola, Aaron",2025,PHI,P,R,371,59,19,3,18,97,28,42.9,399,17,94.1,29,,6,26,26,16,5,15,6,6,100
"O'Brien, Riley",2025,STL,P,R,168,25,5,1,2,45,22,55.2,190,42,48,12,,2,25,15,31,15,12,2,0,100
"Ober, Bailey",2025,MIN,P,R,579,92,37,0,30,120,31,30.6,610,27,146.1,23,,6,17,39,12,2,16,7,7,100
"Ogasawara, Shinnosuke",2025,WSH,P,L,149,26,8,0,9,30,17,38.2,166,23,38.2,12,,2,13,30,15,12,17,5,8,100
"Ohl, Pierson",2025,MIN,P,R,126,24,8,1,5,27,7,35.4,133,14,30,12,,3,18,33,12,2,22,9,4,100
"Ohtani, Shohei",2025,LAD,P,R,176,31,6,0,3,62,8,41.9,184,14,47,40,,4,45,25,9,0,19,2,0,100
"Okert, Steven",2025,HOU,P,L,248,31,8,0,6,84,19,25.7,267,68,71.2,18,,2,40,41,2,6,9,1,1,100
"Olson, Reese",2025,DET,P,R,254,41,12,0,5,65,25,43.2,279,13,68.2,41,,6,24,26,22,9,15,4,0,100
"Ort, Kaleb",2025,HOU,P,R,164,21,6,0,8,49,27,41.4,191,49,46,12,,1,29,26,11,20,7,2,5,100
"Ortiz, Luis",2025,CLE,P,R,337,55,12,1,12,96,42,46.9,379,16,88.2,35,,6,28,22,17,14,14,2,3,100
"Orze, Eric",2025,TB,P,R,156,26,7,1,4,40,19,38.8,175,33,41.2,12,,2,23,29,15,13,15,4,1,100
"Oviedo, Johan",2025,PIT,P,R,143,16,4,0,6,42,23,31.4,166,9,40.1,26,,5,28,36,8,19,5,0,4,100
"Paddack, Chris",2025,DET,P,R,619,99,32,4,31,112,37,37.5,656,33,158,16,,5,11,34,24,3,16,6,6,100
"Pagán, Emilio",2025,CIN,P,R,244,20,11,0,10,81,22,29.1,266,70,68.2,12,,1,38,39,7,8,0,4,4,100
"Palencia, Daniel",2025,CHC,P,R,196,30,6,3,5,61,16,39.7,212,54,52.2,12,,1,35,27,11,7,14,4,2,100
"Pallante, Andre",2025,STL,P,R,640,116,32,4,21,111,62,59.9,702,31,162.2,22,,6,9,9,46,9,18,6,3,100
"Palmquist, Carson",2025,COL,P,L,140,25,9,1,10,27,25,32.5,165,9,34.1,12,,4,10,32,4,22,16,7,9,100
"Parker, Mitchell",2025,WSH,P,L,653,106,43,4,25,103,58,37.7,711,33,164.2,12,,5,6,34,24,8,15,9,4,100
"Patrick, Chad",2025,MIL,P,R,455,76,24,0,13,127,40,31.9,495,27,119.2,25,,5,29,34,6,8,16,5,2,100
"Payamps, Joel",2025,ATL,P,R,103,14,9,4,4,24,9,31.7,112,30,26.1,12,,1,20,34,6,7,10,19,4,100
"Peguero, Joel",2025,SF,P,R,76,10,3,0,2,17,8,54.1,84,17,22.1,12,,2,18,15,44,10,9,2,2,100
"Pepiot, Ryan",2025,TB,P,R,607,78,27,3,26,167,61,38.7,668,31,167.2,38,,6,27,30,15,10,9,4,5,100
"Peralta, Freddy",2025,MIL,P,R,643,80,23,0,21,204,66,37.5,709,33,176.2,59,,6,35,30,12,10,8,2,3,100
"Peralta, Wandy",2025,SD,P,L,277,46,13,2,5,63,30,59.6,307,71,71.2,12,,2,18,10,41,11,15,5,0,100
"Pérez, Cionel",2025,BAL,P,L,87,19,6,0,3,21,18,60.9,105,19,21.2,12,,2,17,14,11,26,22,7,3,100
"Pérez, Eury",2025,MIA,P,R,349,37,17,2,12,105,32,31.4,381,20,95.1,36,,5,32,37,10,8,5,5,3,100
"Pérez, Martín",2025,CWS,P,L,202,23,10,1,6,44,22,38.8,224,11,56,37,,6,17,33,26,11,6,5,2,100
"Perkins, Jack",2025,ATH,P,R,140,17,6,0,4,37,18,41.3,158,12,38.2,20,,4,24,28,22,14,7,3,2,100
"Peterson, David",2025,NYM,P,L,643,118,35,2,11,150,65,55.4,708,30,168.2,32,,6,20,15,30,10,19,6,0,100
"Pfaadt, Brandon",2025,AZ,P,R,710,118,51,3,26,147,37,42.3,747,33,176.2,25,,6,17,27,24,1,17,10,4,100
"Phillips, Connor",2025,CIN,P,R,83,5,3,0,3,32,12,30.8,95,21,25,18,,2,45,32,1,17,0,2,3,100
"Phillips, Tyler",2025,MIA,P,R,287,46,10,1,8,52,24,55.7,311,54,77.2,12,,2,11,12,51,7,15,2,2,100
"Pilkington, Konnor",2025,WSH,P,L,102,10,5,0,7,34,17,27.1,119,32,28.1,12,,1,34,31,0,20,2,4,9,100
"Pivetta, Nick",2025,SD,P,R,660,86,19,2,22,190,50,34.1,710,31,181.2,60,,6,31,36,14,5,10,1,3,100
"Pomeranz, Drew",2025,CHC,P,L,181,31,2,0,5,57,15,39.7,196,57,49.2,12,,1,35,28,11,7,17,0,2,100
"Poulin, PJ",2025,WSH,P,L,93,19,2,0,2,27,13,41.2,106,28,24.2,12,,1,28,26,8,16,21,0,1,100
"Povich, Cade",2025,BAL,P,L,439,84,20,4,17,118,43,42.3,482,22,112.1,26,,6,26,25,11,9,20,5,4,100
"Pressly, Ryan",2025,CHC,P,R,160,32,8,0,6,28,17,53,177,44,41.1,12,,1,9,17,33,11,22,4,4,100
"Priester, Quinn",2025,MIL,P,R,593,91,34,2,18,132,50,55.7,643,29,157.1,33,,6,18,14,38,7,14,7,2,100
"Quantrill, Cal",2025,ATL,P,R,472,79,29,6,22,85,35,34.3,507,26,117.2,12,,5,11,36,16,5,17,9,6,100
"Quintana, Jose",2025,MIL,P,L,497,86,16,0,18,89,50,42.7,547,24,131.2,25,,6,10,28,31,10,17,1,3,100
"Ragans, Cole",2025,KC,P,L,232,32,13,1,7,98,20,37.2,252,13,61.2,52,,5,55,19,0,7,11,6,2,100
"Raley, Brooks",2025,NYM,P,L,91,9,5,0,0,25,6,33.3,97,30,25.2,14,,1,29,39,18,4,4,6,0,100
"Ramírez, Yohan",2025,PIT,P,R,134,21,8,0,4,45,16,37.8,150,24,33.1,12,,2,37,27,2,13,13,6,2,100
"Rasmussen, Drew",2025,TB,P,R,541,84,14,0,18,127,37,49.5,578,31,150,32,,5,21,20,38,4,14,0,3,100
"Ray, Robbie",2025,SF,P,L,671,85,39,2,22,186,73,36.6,744,32,182.1,38,,6,27,32,13,11,8,6,3,100
"Rea, Colin",2025,CHC,P,R,601,104,29,2,20,127,44,40,645,32,159.1,20,,5,17,30,22,5,18,5,3,100
"Reynolds, Sean",2025,SD,P,R,97,12,4,0,4,25,17,31.9,114,19,27,12,,2,21,36,10,21,6,2,4,100
"Ribalta, Orlando",2025,WSH,P,R,101,17,5,0,6,25,17,36.4,118,22,24.1,12,,2,20,29,6,20,14,4,7,100
"Richardson, Lyon",2025,CIN,P,R,145,24,11,0,2,30,21,53.8,166,34,37.2,12,,2,13,16,31,17,14,9,0,100
"Rocker, Kumar",2025,TEX,P,R,256,45,12,3,11,56,23,49,279,14,64.1,16,,5,17,21,25,8,18,6,5,100
"Rodón, Carlos",2025,NYY,P,L,701,83,27,0,22,203,73,44,774,33,195.1,55,,6,30,25,23,10,7,2,3,100
"Rodriguez, Eduardo",2025,AZ,P,L,623,113,37,3,25,143,60,38.9,683,29,154.1,22,,6,19,29,13,9,19,7,4,100
"Rodríguez, Manuel",2025,TB,P,R,112,21,3,0,2,25,6,59.6,118,31,30.1,12,,1,20,9,48,2,21,0,0,100
"Rodríguez, Randy",2025,SF,P,R,182,24,6,0,4,67,11,37.1,193,50,50.2,22,,2,47,29,8,3,10,2,1,100
"Rodríguez, Yariel",2025,TOR,P,R,255,34,7,1,8,66,34,40.6,289,66,73,12,,2,23,29,21,15,9,1,2,100
"Rogers, Taylor",2025,CHC,P,L,190,26,13,1,7,53,23,41.5,213,57,50.2,12,,1,27,26,13,13,10,8,3,100
"Rogers, Trevor",2025,BAL,P,L,388,53,8,3,6,103,29,46.4,417,18,109.2,110,,7,27,24,32,5,11,1,0,100
"Rogers, Tyler",2025,NYM,P,R,288,54,7,1,4,48,7,61.6,295,81,77.1,12,,1,10,4,63,0,22,1,0,100
"Rolison, Ryan",2025,COL,P,L,170,37,6,1,11,25,20,48.6,190,31,42.1,12,,2,4,21,28,12,24,3,8,100
"Romano, Jordan",2025,PHI,P,R,163,26,9,0,10,47,17,38.3,180,49,42.2,12,,1,30,27,6,10,14,5,8,100
"Romero, JoJo",2025,STL,P,L,217,36,9,0,2,55,29,57.1,246,65,61,12,,1,22,13,32,15,15,3,0,100
"Ross, Joe",2025,PHI,P,R,202,31,17,1,8,39,18,46.4,220,37,51,12,,2,13,23,26,8,14,12,4,100
"Roupp, Landen",2025,SF,P,R,422,79,23,0,11,102,45,46,467,22,106.2,19,,5,21,23,19,11,19,5,2,100
"Roycroft, Chris",2025,STL,P,R,85,14,8,2,2,15,12,47.9,97,20,20.2,12,,2,8,22,23,16,14,16,1,100
"Rutledge, Jackson",2025,WSH,P,R,293,56,14,1,16,65,25,41.5,318,63,73.1,12,,2,18,27,15,7,21,5,7,100
"Ryan, Joe",2025,MIN,P,R,633,80,32,0,26,194,39,36.9,672,31,171,55,,6,35,31,12,3,9,5,5,100
"Saalfrank, Andrew",2025,AZ,P,L,101,14,4,0,1,19,10,45.2,111,28,29,12,,2,12,26,39,9,11,3,0,100
"Sabrowski, Erik",2025,CLE,P,L,97,8,4,0,2,42,21,29.1,118,33,29.1,12,,1,48,23,0,27,0,2,0,100
"Salazar, Eduardo",2025,WSH,P,R,131,29,10,1,7,23,17,50.9,148,30,29,12,,1,8,19,18,14,25,10,6,100
"Sale, Chris",2025,ATL,P,L,463,72,15,4,11,165,32,40.1,495,21,125.2,77,,6,44,26,7,4,15,3,1,100
"Sánchez, Cristopher",2025,PHI,P,L,754,124,35,0,12,212,44,58.5,798,32,202,96,,7,30,11,37,2,16,4,0,100
"Sands, Cole",2025,MIN,P,R,269,42,13,3,7,64,19,43.9,288,69,72,12,,2,22,26,24,5,15,6,2,100
"Santana, Dennis",2025,PIT,P,R,246,28,8,3,5,60,17,38.9,263,70,70.1,14,,2,23,33,28,4,7,4,1,100
"Santillan, Tony",2025,CIN,P,R,265,33,11,2,7,75,29,37.7,294,80,73.2,12,,1,28,31,16,11,8,4,2,100
"Sasaki, Roki",2025,LAD,P,R,136,18,5,1,6,28,22,38.9,158,10,36.1,12,,4,13,31,22,19,8,3,4,100
"Sauer, Matt",2025,LAD,P,R,117,22,6,1,6,24,8,42.1,125,10,29.2,12,,3,16,27,19,4,21,7,6,100
"Scherzer, Max",2025,TOR,P,R,332,47,21,0,19,82,23,27.5,355,17,85,18,,5,23,40,6,4,12,7,8,100
"Schlittler, Cam",2025,NYY,P,R,267,42,8,0,8,84,31,36.4,298,14,73,48,,6,34,30,7,12,14,1,2,100
"Schmidt, Clarke",2025,NYY,P,R,282,33,12,2,9,73,30,33,312,14,78.2,42,,6,24,37,14,11,7,4,3,100
"Schreiber, John",2025,KC,P,R,244,34,12,1,10,62,19,39.9,263,74,64,12,,1,24,30,20,6,11,5,4,100
"Schultz, Paxton",2025,TOR,P,R,98,14,9,0,4,28,8,41.1,106,13,24.2,12,,2,30,26,9,7,12,12,4,100
"Schwellenbach, Spencer",2025,ATL,P,R,410,56,18,2,13,108,18,47.4,428,17,110.2,88,,7,28,22,30,0,12,5,3,100
"Scott, Tanner",2025,LAD,P,L,213,34,7,2,11,60,17,39.7,230,61,57,12,,1,29,28,13,6,15,3,6,100
"Scott, Tayler",2025,HOU,P,R,111,17,9,2,6,24,18,45.1,129,24,27.1,12,,2,15,23,13,19,12,12,6,100
"Sears, JP",2025,SD,P,L,534,76,36,1,30,117,36,30.2,570,27,135.2,22,,6,18,40,11,4,12,8,7,100
"Senga, Kodai",2025,NYM,P,R,420,52,24,6,12,109,55,47.6,475,22,113.1,33,,6,23,22,23,15,7,8,2,100
"Senzatela, Antonio",2025,COL,P,R,554,128,39,3,22,73,47,44.4,601,30,130,12,,5,2,25,25,7,28,9,4,100
"Severino, Luis",2025,ATH,P,R,630,111,35,0,16,124,50,41.9,680,29,162.2,28,,6,14,28,26,6,18,6,2,100
"Seymour, Carson",2025,SF,P,R,141,23,5,0,9,26,13,50.9,154,16,36,12,,3,11,19,36,8,15,2,9,100
"Seymour, Ian",2025,TB,P,L,217,35,8,0,5,64,19,37.2,236,19,57,17,,3,32,30,12,8,15,2,1,100
"Sheehan, Emmet",2025,LAD,P,R,265,30,10,2,7,89,22,33.7,287,15,73.1,52,,5,39,33,9,7,6,4,2,100
"Shugart, Chase",2025,PIT,P,R,160,18,7,2,6,31,17,33.3,177,35,45,12,,2,12,40,22,11,6,5,4,100
"Simpson, Josh",2025,MIA,P,L,125,23,5,1,5,36,22,53.9,147,31,30.2,12,,1,26,17,12,21,17,3,4,100
"Singer, Brady",2025,CIN,P,R,631,89,36,6,19,163,60,39.7,691,32,169.2,35,,6,24,29,18,9,11,7,2,100
"Skenes, Paul",2025,PIT,P,R,684,86,37,2,11,216,42,44.6,726,32,187.2,82,,6,37,24,21,3,9,6,0,100
"Skubal, Tarik",2025,DET,P,L,706,95,26,2,18,241,33,41.6,739,31,195.1,129,,7,43,27,14,0,11,3,2,100
"Slaten, Justin",2025,BOS,P,R,126,21,3,0,3,25,10,41.2,136,36,34,12,,1,14,31,32,6,16,0,1,100
"Smith-Shawver, AJ",2025,ATL,P,R,169,29,8,1,4,42,20,35.9,189,9,44.1,21,,5,22,32,11,13,16,5,1,100
"Smith, Cade",2025,CLE,P,R,274,29,21,1,4,104,19,36.4,293,76,73.2,13,,1,48,29,4,4,5,10,0,100
"Smith, Shane",2025,CWS,P,R,542,74,23,3,17,145,58,41.1,600,29,146.1,40,,6,26,28,18,11,10,4,3,100
"Snell, Blake",2025,LAD,P,L,222,38,10,0,3,72,26,50.6,248,11,61.1,53,,6,35,19,15,12,16,3,0,100
"Snider, Collin",2025,SEA,P,R,107,15,12,2,3,24,6,41.4,113,24,26.1,12,,2,20,27,17,2,12,20,2,100
"Soriano, George",2025,MIA,P,R,150,28,7,1,10,36,19,44.3,169,24,36.2,12,,2,20,23,10,14,19,5,9,100
"Soriano, José",2025,LAA,P,R,634,117,28,1,12,152,78,66,712,31,169,32,,6,20,5,41,13,18,3,0,100
"Soroka, Michael",2025,CHC,P,R,334,44,15,1,12,95,29,44.2,363,22,89.2,32,,5,30,25,21,7,10,4,3,100
"Soto, Gregory",2025,NYM,P,L,241,49,9,0,4,70,24,44.8,265,70,60.1,12,,1,30,23,13,10,22,2,0,100
"Sousa, Bennett",2025,HOU,P,L,181,22,11,0,4,59,15,39.2,196,44,50.2,14,,2,38,28,11,7,8,7,1,100
"Speier, Gabe",2025,SEA,P,L,224,25,11,2,5,82,11,40,235,76,62,15,,1,47,27,11,1,7,6,1,100
"Spence, Mitch",2025,ATH,P,R,342,60,20,0,16,66,26,43.9,368,32,84.2,12,,3,13,26,25,6,18,6,6,100
"Springs, Jeffrey",2025,ATH,P,L,647,89,36,0,28,138,54,31.9,701,32,171,28,,6,17,39,15,7,11,6,5,100
"Sproat, Brandon",2025,NYM,P,R,74,12,4,2,0,17,7,50,81,4,20.2,39,,6,19,20,27,9,15,10,0,100
"Stanek, Ryne",2025,NYM,P,R,221,38,10,1,7,58,32,32.7,253,65,56,12,,1,23,33,6,17,15,4,2,100
"Steele, Justin",2025,CHC,P,L,85,12,4,0,5,21,5,41.5,90,4,22.2,32,,6,24,28,21,3,12,4,8,100
"Sterner, Justin",2025,ATH,P,R,234,32,5,0,10,70,21,29.9,255,59,65,12,,2,32,37,7,8,11,0,5,100
"Stewart, Brock",2025,LAD,P,R,141,24,4,1,3,44,13,37.8,154,43,37.2,12,,1,34,29,9,8,17,2,1,100
"Strahm, Matt",2025,PHI,P,L,226,29,11,2,5,70,20,23.8,246,66,62.1,12,,1,34,42,0,8,9,6,1,100
"Stratton, Chris",2025,LAD,P,R,92,21,5,2,4,22,10,48.6,102,15,21,12,,2,20,20,8,11,27,9,5,100
"Strickland, Hunter",2025,LAA,P,R,80,9,6,0,2,14,10,35.8,90,19,22,12,,2,8,38,25,14,5,9,1,100
"Strider, Spencer",2025,ATL,P,R,475,74,29,1,20,131,51,37.5,526,23,125.1,28,,6,27,29,8,11,14,7,4,100
"Stroman, Marcus",2025,NYY,P,R,156,27,11,0,6,26,16,48.1,172,9,39,12,,5,8,22,31,10,17,8,4,100
"Strowd, Kade",2025,BAL,P,R,90,14,1,0,1,24,13,56.7,103,25,26.1,12,,2,24,13,33,17,13,0,0,100
"Suarez, Ranger",2025,PHI,P,L,602,113,25,2,14,151,38,48,640,26,157.1,61,,7,24,22,25,3,21,4,1,100
"Suarez, Robert",2025,SD,P,R,249,34,6,1,6,75,16,36.9,265,70,69.2,12,,1,34,33,17,3,11,1,1,100
"Sugano, Tomoyuki",2025,BAL,P,R,626,116,21,3,33,106,36,40.8,662,30,157,21,,6,9,30,29,2,20,3,7,100
"Sulser, Cole",2025,TB,P,R,83,17,2,0,1,22,7,41,90,18,22.2,12,,2,26,28,16,7,23,0,0,100
"Suter, Brent",2025,CIN,P,L,269,47,10,1,11,53,18,45.4,287,48,67.2,12,,2,14,25,31,4,18,3,5,100
"Svanson, Matt",2025,STL,P,R,206,23,5,2,3,68,20,43,226,39,60.1,20,,2,37,26,20,9,6,2,0,100
"Taillon, Jameson",2025,CHC,P,R,489,61,23,2,24,98,27,34.3,516,23,129.2,33,,6,15,39,24,2,9,5,6,100
"Taylor, Grant",2025,CWS,P,R,138,32,5,0,0,54,15,51.1,153,36,36.2,14,,2,48,12,0,11,27,2,0,100
"Teng, Kai-Wei",2025,SF,P,R,114,22,5,0,2,39,17,40.8,131,8,29.2,18,,4,37,24,0,17,19,3,0,100
"Thielbar, Caleb",2025,CHC,P,L,204,23,9,1,5,56,13,39.7,217,67,58,12,,1,29,31,24,3,7,5,1,100
"Thompson, Ryan",2025,AZ,P,R,160,31,7,0,4,36,13,49.2,173,48,41.1,12,,1,19,20,30,6,21,3,1,100
"Thornton, Trent",2025,SEA,P,R,159,31,3,1,6,32,14,43.8,173,33,42.1,12,,2,14,26,27,8,21,0,4,100
"Tonkin, Michael",2025,MIN,P,R,89,12,5,0,3,19,8,32.4,97,21,24,12,,2,16,40,17,8,10,6,3,100
"Topa, Justin",2025,MIN,P,R,242,49,17,0,2,49,18,47.7,260,54,60,12,,2,15,22,27,5,23,8,0,100
"Treinen, Blake",2025,LAD,P,R,107,21,5,0,4,36,19,34.7,126,32,26.2,12,,1,34,19,0,22,19,3,3,100
"Trivino III, Lou",2025,PHI,P,R,178,34,5,1,6,37,18,35.6,196,47,47.2,12,,2,15,34,17,10,20,1,3,100
"Uceta, Edwin",2025,TB,P,R,282,38,11,2,11,103,27,32.8,309,70,76,12,,2,44,29,0,9,10,4,4,100
"Ureña, José",2025,LAA,P,R,217,33,15,1,8,34,23,37.3,240,19,55,12,,3,6,34,23,11,13,9,4,100
"Uribe, Abner",2025,MIL,P,R,263,43,4,0,4,90,27,54.3,290,75,75.1,18,,2,39,17,19,10,15,0,0,100
"Valdez, Framber",2025,HOU,P,L,717,119,33,4,15,187,68,59.4,785,31,192,61,,7,25,11,33,9,16,5,1,100
"Vargas, Carlos",2025,SEA,P,R,297,58,12,1,10,54,23,57.1,320,70,77,12,,2,11,12,43,6,22,3,3,100
"Varland, Louis",2025,TOR,P,R,266,41,17,1,6,75,22,53.3,288,74,72.2,12,,1,29,17,24,7,14,8,1,100
"Vasil, Mike",2025,CWS,P,R,362,52,13,1,8,82,52,50.7,414,47,101,12,,3,17,19,33,17,11,2,1,100
"Vásquez, Randy",2025,SD,P,R,506,89,19,1,16,78,52,40.2,558,28,133.2,16,,5,5,32,31,10,17,2,3,100
"Veneziano, Anthony",2025,STL,P,L,101,17,5,2,4,25,11,50.6,112,26,25,12,,1,22,19,20,11,16,8,4,100
"Verlander, Justin",2025,SF,P,R,595,97,41,1,16,137,52,35.5,647,29,152,29,,6,20,34,14,7,15,8,2,100
"Vesia, Alex",2025,LAD,P,L,204,21,7,0,9,80,22,30.8,226,68,59.2,12,,1,48,30,0,11,4,2,5,100
"Vest, Will",2025,DET,P,R,259,47,8,2,4,75,22,58.1,281,64,68.2,12,,2,31,13,28,7,19,2,0,100
"Vodnik, Victor",2025,COL,P,R,188,29,11,1,4,49,26,54.3,214,52,50.2,12,,1,23,16,24,16,13,7,1,100
"Wacha, Michael",2025,KC,P,R,658,116,29,6,15,126,45,37.8,703,31,172.2,31,,6,13,34,25,4,18,5,1,100
"Waddell, Brandon",2025,NYM,P,L,121,14,10,1,4,22,11,40,132,11,31.1,12,,3,11,31,28,8,7,12,3,100
"Waldrep, Hurston",2025,ATL,P,R,203,34,8,0,3,55,22,49.7,225,10,56.1,47,,6,26,20,25,11,16,2,0,100
"Walker, Ryan",2025,SF,P,R,236,41,14,1,4,60,18,50,254,68,61.1,12,,1,25,20,24,6,18,7,0,100
"Walker, Taijuan",2025,PHI,P,R,489,90,20,1,21,86,42,44.8,531,34,123.2,12,,4,10,25,31,7,19,3,5,100
"Walter, Brandon",2025,HOU,P,L,204,27,8,1,10,52,4,44.4,208,9,53.2,53,,6,27,25,27,0,11,4,6,100
"Warren, Will",2025,NYY,P,R,631,100,32,4,22,171,65,42.8,696,33,162.1,22,,5,26,26,15,10,14,6,3,100
"Weathers, Ryan",2025,MIA,P,L,151,23,7,0,7,37,12,44.8,163,8,38.1,22,,5,23,25,23,6,14,4,5,100
"Weaver, Luke",2025,NYY,P,R,236,26,10,0,10,72,20,27.4,256,64,64.2,12,,2,34,40,5,7,6,3,5,100
"Webb, Jacob",2025,TEX,P,R,243,31,8,0,10,58,19,33.5,262,55,66,12,,2,22,39,19,6,9,1,4,100
"Webb, Logan",2025,SF,P,R,795,144,49,3,14,224,46,54.2,841,34,207,68,,7,31,16,23,2,20,8,0,100
"Weissert, Greg",2025,BOS,P,R,251,37,14,0,6,57,21,41.6,272,72,67,12,,1,19,29,25,7,13,6,1,100
"Wells, Tyler",2025,BAL,P,R,80,8,5,0,4,18,2,33.9,82,4,21.2,45,,6,21,39,20,0,5,8,7,100
"Wentz, Joey",2025,ATL,P,L,393,80,15,4,11,92,43,38.2,436,39,98,12,,3,19,30,12,11,22,4,2,100
"Wesneski, Hayden",2025,HOU,P,R,121,14,8,0,7,29,6,38.9,127,6,32,33,,6,23,31,22,1,7,8,8,100
"Wheeler, Zack",2025,PHI,P,R,542,65,21,2,19,195,33,41.5,575,24,149.2,122,,7,45,26,12,3,8,3,3,100
"Whisenhunt, Carson",2025,SF,P,L,88,11,5,0,6,16,12,45.8,100,5,23.1,12,,5,9,24,31,15,7,5,9,100
"Whitlock, Garrett",2025,BOS,P,R,262,44,8,0,2,91,24,45.7,286,62,72,18,,2,41,23,11,8,16,1,0,100
"Williams, Devin",2025,NYY,P,R,228,28,11,1,5,90,25,45,253,67,62,12,,1,48,22,5,11,8,5,1,100
"Williams, Gavin",2025,CLE,P,R,615,83,23,1,23,173,83,46.1,698,31,167.2,37,,6,27,23,21,15,9,2,3,100
"Williams, Trevor",2025,WSH,P,R,342,74,18,3,11,65,21,35.1,363,17,82.2,14,,5,13,34,14,3,26,7,3,100
"Wilson, Bryse",2025,CWS,P,R,200,44,10,2,11,28,19,35.1,219,20,47.1,12,,3,3,34,15,9,26,6,7,100
"Wilson, Justin",2025,BOS,P,L,183,35,10,0,3,57,20,46.9,203,61,48.1,12,,1,33,22,9,11,20,5,0,100
"Wilson, Steven",2025,CWS,P,R,209,36,7,0,7,51,22,26.1,231,59,55.1,12,,1,21,43,5,10,17,1,3,100
"Winn, Cole",2025,TEX,P,R,138,12,7,1,3,35,17,48.1,155,33,41.2,12,,2,22,22,35,13,1,6,1,100
"Wolfram, Grant",2025,BAL,P,L,116,25,8,0,2,31,15,50,131,21,26.2,12,,2,25,20,9,14,24,8,0,100
"Woo, Bryan",2025,SEA,P,R,685,85,25,1,26,198,36,41.4,721,30,186.2,98,,7,32,28,23,1,9,3,4,100
"Woodford, Jake",2025,AZ,P,R,151,33,8,1,3,23,13,45.8,164,22,36.1,12,,2,5,24,31,7,26,6,1,100
"Woodruff, Brandon",2025,MIL,P,R,239,29,7,0,9,83,14,34,253,12,64.2,88,,6,43,33,9,2,8,1,4,100
"Woods Richardson, Simeon",2025,MIN,P,R,418,62,16,1,17,107,46,33.3,464,23,111.1,22,,5,23,35,12,11,12,3,4,100
"Wrobleski, Justin",2025,LAD,P,L,255,45,14,0,6,76,17,51.1,272,24,66.2,16,,3,33,19,18,4,19,6,1,100
"Yamamoto, Yoshinobu",2025,LAD,P,R,619,79,20,0,14,201,59,53.7,678,30,173.2,78,,6,37,16,27,9,9,1,1,100
"Yarbrough, Ryan",2025,NYY,P,L,242,37,7,1,13,55,19,39.4,261,19,64,14,,4,19,31,22,6,14,1,7,100
"Yates, Kirby",2025,LAD,P,R,159,12,17,0,9,52,18,30.6,177,50,41.1,12,,1,36,30,0,12,0,15,7,100
"Young, Brandon",2025,BAL,P,R,230,38,17,0,12,47,22,44.9,252,12,57.2,12,,5,15,24,21,9,16,9,6,100
"Zastryzny, Rob",2025,MIL,P,L,79,11,2,0,3,20,10,41.9,89,26,22,12,,1,22,28,22,14,10,0,4,100
"Zeferjahn, Ryan",2025,LAA,P,R,216,29,8,0,12,73,34,37.2,250,62,57,12,,1,36,27,1,19,9,2,6,100
"Zerpa, Angel",2025,KC,P,L,247,43,17,0,7,58,22,63.7,269,69,64.2,12,,1,20,7,38,8,17,8,2,100
