name,type,team,salary,raw_value
"Crochet, Garrett",pitcher,BOS,214,50.360
"Wheeler, Zack",pitcher,PHI,195,54.620
"Judge, Aaron",batter,NYY,186,37.570
"Skubal, Tarik",pitcher,DET,178,55.390
"Raleigh, Cal",batter,SEA,170,27.930
"Rogers, Trevor",pitcher,BAL,163,51.310
"Springer, George",batter,TOR,155,28.460
"Woo, Bryan",pitcher,SEA,149,49.600
"Witt Jr., Bobby",batter,KC,142,27.080
"Bradish, Kyle",pitcher,BAL,136,50.200
"Ohtani, Shohei",batter,LAD,130,41.480
"Woodruff, Brandon",pitcher,MIL,125,50.020
"Kurtz, Nick",batter,ATH,119,29.200
"Brown, Hunter",pitcher,HOU,114,44.920
"Ramírez, José",batter,CLE,108,27.700
"Gausman, Kevin",pitcher,TOR,105,45.850
"Jones, Jahmai",batter,DET,99,27.130
"Sánchez, Cristopher",pitcher,PHI,96,49.520
"Marte, Ketel",batter,AZ,91,27.110
"Skenes, Paul",pitcher,PIT,88,48.640
"Schwarber, Kyle",batter,PHI,83,26.400
"deGrom, Jacob",pitcher,TEX,81,44.820
"Acuña Jr., Ronald",batter,ATL,76,26.390
"Webb, Logan",pitcher,SF,74,44.290
"Tatis Jr., Fernando",batter,SD,70,23.170
"Eovaldi, Nathan",pitcher,TEX,69,48.410
"Buxton, Byron",batter,MIN,64,25.210
"Sale, Chris",pitcher,ATL,63,47.820
"Laureano, Ramón",batter,SD,59,22.970
"Yamamoto, Yoshinobu",pitcher,LAD,58,47.770
"Refsnyder, Rob",batter,BOS,55,22.970
"Schwellenbach, Spencer",pitcher,ATL,54,47.210
"Gilbert, Logan",pitcher,SEA,50,47.530
"Marsee, Jakob",batter,MIA,50,23.120
"Langeliers, Shea",batter,ATH,46,25.350
"Suarez, Ranger",pitcher,PHI,46,42.310
"Harper, Bryce",batter,PHI,43,23.750
"Valdez, Framber",pitcher,HOU,43,41.440
"Carroll, Corbin",batter,AZ,40,26.340
"Greene, Hunter",pitcher,CIN,40,47.120
"Glasnow, Tyler",pitcher,LAD,37,44.160
"Loperfido, Joey",batter,TOR,37,22.920
"McLean, Nolan",pitcher,NYM,34,47.080
"Tucker, Kyle",batter,CHC,34,23.110
"Grisham, Trent",batter,NYY,32,22.530
"Snell, Blake",pitcher,LAD,32,40.920
"Fried, Max",pitcher,NYY,30,46.960
"Lile, Daylen",batter,WSH,29,22.710
"Henderson, Logan",pitcher,MIL,28,46.440
"Canzone, Dominic",batter,SEA,27,22.100
"Pivetta, Nick",pitcher,SD,26,44.260
"Lodolo, Nick",pitcher,CIN,25,40.150
"Stanton, Giancarlo",batter,NYY,25,24.760
"Smith, Will",batter,LAD,24,24.930
"Ragans, Cole",pitcher,KC,23,44.020
"Abreu, Wilyer",batter,BOS,22,21.760
"Adell, Jo",batter,LAA,22,18.100
"Alonso, Pete",batter,NYM,22,22.590
"Altuve, Jose",batter,HOU,22,20.350
"Alvarez, Yordan",batter,HOU,22,22.150
"Amaya, Miguel",batter,CHC,22,21.420
"Andujar, Miguel",batter,CIN,22,22.180
"Anthony, Roman",batter,BOS,22,22.320
"Aranda, Jonathan",batter,TB,22,23.870
"Arraez, Luis",batter,SD,22,18.770
"Bader, Harrison",batter,PHI,22,20.370
"Baldwin, Drake",batter,ATL,22,21.570
"Barger, Addison",batter,TOR,22,18.980
"Beavers, Dylan",batter,BAL,22,20.880
"Bellinger, Cody",batter,NYY,22,26.340
"Benintendi, Andrew",batter,CWS,22,19.320
"Betts, Mookie",batter,LAD,22,19.980
"Bichette, Bo",batter,TOR,22,22.850
"Bogaerts, Xander",batter,SD,22,18.480
"Bregman, Alex",batter,BOS,22,22.510
"Burleson, Alec",batter,STL,22,22.060
"Busch, Michael",batter,CHC,22,24.290
"Caminero, Junior",batter,TB,22,24.020
"Carpenter, Kerry",batter,DET,22,19.720
"Carter, Evan",batter,TEX,22,18.890
"Chapman, Matt",batter,SF,22,20.120
"Chisholm Jr., Jazz",batter,NYY,22,21.730
"Chourio, Jackson",batter,MIL,22,21.020
"Clement, Ernie",batter,TOR,22,19.320
"Collins, Isaac",batter,MIL,22,19.520
"Contreras, William",batter,MIL,22,19.700
"Crow-Armstrong, Pete",batter,CHC,22,22.070
"De La Cruz, Elly",batter,CIN,22,18.670
"Devers, Rafael",batter,SF,22,23.480
"Diaz, Yainer",batter,HOU,22,18.210
"Dingler, Dillon",batter,DET,22,18.440
"Donovan, Brendan",batter,STL,22,20.760
"Duran, Jarren",batter,BOS,22,19.630
"Díaz, Yandy",batter,TB,22,24.040
"Edwards, Xavier",batter,MIA,22,20.530
"Freeman, Freddie",batter,LAD,22,24.710
"Freeman, Tyler",batter,COL,22,19.130
"Frelick, Sal",batter,MIL,22,21.310
"Friedl, TJ",batter,CIN,22,18.600
"Garcia, Maikel",batter,KC,22,24.100
"Gonzalez, Romy",batter,BOS,22,20.640
"Goodman, Hunter",batter,COL,22,22.560
"Greene, Riley",batter,DET,22,19.220
"Guerrero Jr., Vladimir",batter,TOR,22,24.750
"Happ, Ian",batter,CHC,22,19.810
"Hays, Austin",batter,CIN,22,18.610
"Heineman, Tyler",batter,TOR,22,20.460
"Helman, Michael",batter,TEX,22,19.520
"Henderson, Gunnar",batter,BAL,22,20.860
"Hernández, Heriberto",batter,MIA,22,20.060
"Herrera, Iván",batter,STL,22,21.800
"Hoerner, Nico",batter,CHC,22,22.080
"Horwitz, Spencer",batter,PIT,22,19.980
"Keaschall, Luke",batter,MIN,22,23.590
"Kelly, Carson",batter,CHC,22,18.750
"Kirk, Alejandro",batter,TOR,22,22.200
"Kwan, Steven",batter,CLE,22,19.550
"Langford, Wyatt",batter,TEX,22,21.310
"Lee, Jung Hoo",batter,SF,22,19.780
"Lindor, Francisco",batter,NYM,22,22.970
"Lowe, Brandon",batter,TB,22,18.950
"Lukes, Nathan",batter,TOR,22,18.540
"Lux, Gavin",batter,CIN,22,18.150
"Machado, Manny",batter,SD,22,20.320
"Mangum, Jake",batter,TB,22,20.420
"Marsh, Brandon",batter,PHI,22,19.510
"Marte, Noelvi",batter,CIN,22,18.060
"Marte, Starling",batter,NYM,22,18.060
"Martin, Austin",batter,MIN,22,20.600
"McGuire, Reese",batter,CHC,22,19.510
"McKinstry, Zach",batter,DET,22,19.300
"McNeil, Jeff",batter,NYM,22,19.930
"Merrill, Jackson",batter,SD,22,20.990
"Meyers, Jake",batter,HOU,22,19.650
"Monasterio, Andruw",batter,MIL,22,18.070
"Moniak, Mickey",batter,COL,22,20.800
"Montgomery, Colson",batter,CWS,22,22.650
"Moreno, Gabriel",batter,AZ,22,22.400
"Muncy, Max",batter,LAD,22,23.110
"Naylor, Josh",batter,SEA,22,22.150
"Neto, Zach",batter,LAA,22,19.870
"Nimmo, Brandon",batter,NYM,22,19.660
"O'Hearn, Ryan",batter,SD,22,21.120
"Olson, Matt",batter,ATL,22,22.890
"Ozuna, Marcell",batter,ATL,22,19.170
"Pages, Andy",batter,LAD,22,21.470
"Paredes, Isaac",batter,HOU,22,20.290
"Pasquantino, Vinnie",batter,KC,22,19.940
"Peralta, Freddy",pitcher,MIL,22,43.090
"Perdomo, Geraldo",batter,AZ,22,25.990
"Peña, Jeremy",batter,HOU,22,23.680
"Polanco, Jorge",batter,SEA,22,23.630
"Profar, Jurickson",batter,ATL,22,20.710
"Pérez, Wenceel",batter,DET,22,18.870
"Rafaela, Ceddanne",batter,BOS,22,18.570
"Rice, Ben",batter,NYY,22,23.200
"Rivas, Leo",batter,SEA,22,18.170
"Rodríguez, Julio",batter,SEA,22,21.720
"Rooker, Brent",batter,ATH,22,21.970
"Rosario, Amed",batter,NYY,22,18.770
"Schanuel, Nolan",batter,LAA,22,18.340
"Schneider, Davis",batter,TOR,22,20.920
"Seager, Corey",batter,TEX,22,23.340
"Sheets, Gavin",batter,SD,22,18.890
"Simpson, Chandler",batter,TB,22,20.960
"Soderstrom, Tyler",batter,ATH,22,21.790
"Sosa, Edmundo",batter,PHI,22,21.470
"Soto, Juan",batter,NYM,22,26.290
"Stott, Bryson",batter,PHI,22,19.850
"Stowers, Kyle",batter,MIA,22,24.940
"Straw, Myles",batter,TOR,22,18.290
"Suzuki, Seiya",batter,CHC,22,21.800
"Suárez, Eugenio",batter,SEA,22,19.650
"Tauchman, Mike",batter,CWS,22,18.100
"Teel, Kyle",batter,CWS,22,18.340
"Tena, José",batter,WSH,22,18.080
"Torkelson, Spencer",batter,DET,22,19.380
"Torres, Gleyber",batter,DET,22,18.200
"Turang, Brice",batter,MIL,22,21.320
"Turner, Trea",batter,PHI,22,23.530
"Varsho, Daulton",batter,TOR,22,24.840
"Ward, Taylor",batter,LAA,22,19.790
"Westburg, Jordan",batter,BAL,22,20.900
"Wilson, Jacob",batter,ATH,22,21.210
"Wood, James",batter,WSH,22,20.860
"Wynns, Austin",batter,ATH,22,22.130
"Yastrzemski, Mike",batter,KC,22,19.420
"Yelich, Christian",batter,MIL,22,20.340
"Adames, Willy",batter,SF,21,17.990
"Alvarez, Francisco",batter,NYM,21,18.050
"Bauers, Jake",batter,MIL,21,17.830
"Bell, Josh",batter,WSH,21,17.660
"Call, Alex",batter,LAD,21,17.880
"Contreras, Willson",batter,STL,21,18.040
"Cronenworth, Jake",batter,SD,21,17.700
"Johnston, Troy",batter,MIA,21,17.930
"Keith, Colt",batter,DET,21,17.700
"Lopez, Otto",batter,MIA,21,17.580
"Narváez, Carlos",batter,BOS,21,18.020
"Rojas, Miguel",batter,LAD,21,17.960
"Schlittler, Cam",pitcher,NYY,21,40.190
"Trout, Mike",batter,LAA,21,17.880
"Wallner, Matt",batter,MIN,21,17.560
"Wells, Austin",batter,NYY,21,17.680
"Yoshida, Masataka",batter,BOS,21,17.550
"Abbott, Andrew",pitcher,CIN,20,37.990
"Abrams, CJ",batter,WSH,20,17.480
"Abreu, Bryan",pitcher,HOU,20,29.770
"Adam, Jason",pitcher,SD,20,24.340
"Alcantara, Sandy",pitcher,MIA,20,32.460
"Alexander, Jason",pitcher,HOU,20,24.450
"Allen, Logan",pitcher,CLE,20,29.710
"Alvarez, Andrew",pitcher,WSH,20,36.090
"Anderson, Tyler",pitcher,LAA,20,26.020
"Armstrong, Shawn",pitcher,TEX,20,31.520
"Arrighetti, Spencer",pitcher,HOU,20,28.170
"Ashby, Aaron",pitcher,MIL,20,24.680
"Ashcraft, Braxton",pitcher,PIT,20,24.750
"Assad, Javier",pitcher,CHC,20,26.930
"Bassitt, Chris",pitcher,TOR,20,33.880
"Baty, Brett",batter,NYM,20,17.170
"Bautista, Félix",pitcher,BAL,20,24.610
"Baz, Shane",pitcher,TB,20,33.850
"Bazardo, Eduard",pitcher,SEA,20,24.790
"Bednar, David",pitcher,NYY,20,27.800
"Bello, Brayan",pitcher,BOS,20,33.370
"Bergert, Ryan",pitcher,KC,20,31.050
"Berríos, José",pitcher,TOR,20,30.890
"Bibee, Tanner",pitcher,CLE,20,34.540
"Bieber, Shane",pitcher,TOR,20,38.460
"Blanco, Ronel",pitcher,HOU,20,35.700
"Blubaugh, AJ",pitcher,HOU,20,29.300
"Boyd, Matthew",pitcher,CHC,20,38.720
"Boyle, Joe",pitcher,TB,20,26.250
"Bradley, Taj",pitcher,MIN,20,32.570
"Brown, Ben",pitcher,CHC,20,28.120
"Bubic, Kris",pitcher,KC,20,39.430
"Burke, Sean",pitcher,CWS,20,24.730
"Burnes, Corbin",pitcher,AZ,20,38.950
"Burns, Chase",pitcher,CIN,20,34.480
"Burrows, Mike",pitcher,PIT,20,32.800
"Cabrera, Edward",pitcher,MIA,20,38.040
"Cameron, Noah",pitcher,KC,20,38.000
"Canning, Griffin",pitcher,NYM,20,29.070
"Cantillo, Joey",pitcher,CLE,20,25.790
"Castillo, Luis",pitcher,SEA,20,35.930
"Cavalli, Cade",pitcher,WSH,20,24.410
"Cease, Dylan",pitcher,SD,20,38.220
"Cecconi, Slade",pitcher,CLE,20,32.540
"Chandler, Bubba",pitcher,PIT,20,40.920
"Chapman, Aroldis",pitcher,BOS,20,37.690
"Civale, Aaron",pitcher,CHC,20,27.320
"Clarke, Taylor",pitcher,KC,20,23.820
"Cleavinger, Garrett",pitcher,TB,20,26.200
"Clemens, Kody",batter,MIN,20,17.330
"Corbin, Patrick",pitcher,TEX,20,31.040
"Cruz, Fernando",pitcher,NYY,20,24.360
"Darvish, Yu",pitcher,SD,20,28.930
"Dobbins, Hunter",pitcher,BOS,20,27.130
"Dreyer, Jack",pitcher,LAD,20,24.580
"Durbin, Caleb",batter,MIL,20,17.330
"Díaz, Edwin",pitcher,NYM,20,40.020
"Elder, Bryce",pitcher,ATL,20,29.270
"Evans, Logan",pitcher,SEA,20,27.930
"Feltner, Ryan",pitcher,COL,20,28.050
"Festa, David",pitcher,MIN,20,29.070
"Fisher, Braydon",pitcher,TOR,20,25.360
"Flaherty, Jack",pitcher,DET,20,36.610
"Fraley, Jake",batter,ATL,20,17.300
"Freeland, Kyle",pitcher,COL,20,28.470
"Gallen, Zac",pitcher,AZ,20,32.480
"García Jr., Luis",batter,WSH,20,17.510
"Gil, Luis",pitcher,NYY,20,27.450
"Giolito, Lucas",pitcher,BOS,20,33.100
"Goldschmidt, Paul",batter,NYY,20,17.130
"Gonsolin, Tony",pitcher,LAD,20,28.280
"Gordon, Tanner",pitcher,COL,20,25.300
"Gore, MacKenzie",pitcher,WSH,20,36.450
"Gray, Sonny",pitcher,STL,20,37.110
"Gurriel Jr., Lourdes",batter,AZ,20,17.240
"Hader, Josh",pitcher,HOU,20,32.500
"Harris II, Michael",batter,ATL,20,17.270
"Harrison, Kyle",pitcher,BOS,20,25.870
"Headrick, Brent",pitcher,NYY,20,25.200
"Hendricks, Kyle",pitcher,LAA,20,29.650
"Henriquez, Ronny",pitcher,MIA,20,28.770
"Holmes, Clay",pitcher,NYM,20,33.290
"Holmes, Grant",pitcher,ATL,20,34.170
"Horton, Cade",pitcher,CHC,20,38.820
"Houser, Adrian",pitcher,TB,20,32.490
"Imanaga, Shota",pitcher,CHC,20,34.890
"Irvin, Jake",pitcher,WSH,20,24.140
"Jackson, Jeremiah",batter,BAL,20,17.280
"Javier, Cristian",pitcher,HOU,20,29.780
"Jeffers, Ryan",batter,MIN,20,17.110
"Junk, Janson",pitcher,MIA,20,32.480
"Keller, Brad",pitcher,CHC,20,28.960
"Keller, Mitch",pitcher,PIT,20,32.900
"Kelly, Merrill",pitcher,TEX,20,37.890
"Kershaw, Clayton",pitcher,LAD,20,30.160
"Kikuchi, Yusei",pitcher,LAA,20,31.150
"King, Michael",pitcher,SD,20,32.020
"Kirby, George",pitcher,SEA,20,38.540
"Knack, Landon",pitcher,LAD,20,24.200
"Kolek, Stephen",pitcher,KC,20,36.020
"Kremer, Dean",pitcher,BAL,20,34.330
"Lauer, Eric",pitcher,TOR,20,28.130
"Leiter, Jack",pitcher,TEX,20,36.450
"Liberatore, Matthew",pitcher,STL,20,31.150
"Littell, Zack",pitcher,CIN,20,31.950
"Lively, Ben",pitcher,CLE,20,25.880
"Lopez, Jacob",pitcher,ATH,20,32.700
"Lorenzen, Michael",pitcher,KC,20,30.810
"Lugo, Seth",pitcher,KC,20,30.230
"Luzardo, Jesús",pitcher,PHI,20,41.120
"López, Pablo",pitcher,MIN,20,39.760
"Mahle, Tyler",pitcher,TEX,20,37.140
"Manaea, Sean",pitcher,NYM,20,33.330
"Manzardo, Kyle",batter,CLE,20,17.080
"Martin, Davis",pitcher,CWS,20,29.490
"Martinez, Nick",pitcher,CIN,20,26.400
"Maton, Phil",pitcher,TEX,20,24.620
"Matos, Luis",batter,SF,20,17.090
"Matthews, Zebby",pitcher,MIN,20,27.360
"May, Dustin",pitcher,BOS,20,30.390
"McGreevy, Michael",pitcher,STL,20,29.410
"Megill, Tylor",pitcher,NYM,20,35.180
"Melton, Troy",pitcher,DET,20,24.240
"Messick, Parker",pitcher,CLE,20,34.070
"Meyer, Max",pitcher,MIA,20,31.980
"Mikolas, Miles",pitcher,STL,20,25.710
"Miller, Bryce",pitcher,SEA,20,26.780
"Miller, Mason",pitcher,SD,20,41.070
"Misiorowski, Jacob",pitcher,MIL,20,36.590
"Mize, Casey",pitcher,DET,20,33.650
"Moncada, Yoán",batter,LAA,20,17.210
"Montero, Keider",pitcher,DET,20,24.210
"Morales, Luis",pitcher,ATH,20,30.520
"Morton, Charlie",pitcher,ATL,20,24.090
"Muñoz, Andrés",pitcher,SEA,20,27.350
"Nance, Tommy",pitcher,TOR,20,24.880
"Nelson, Ryne",pitcher,AZ,20,34.370
"Nola, Aaron",pitcher,PHI,20,32.350
"Ober, Bailey",pitcher,MIN,20,28.060
"Ohtani, Shohei",pitcher,LAD,20,41.480
"Okert, Steven",pitcher,HOU,20,31.620
"Olson, Reese",pitcher,DET,20,38.670
"Ortiz, Luis",pitcher,CLE,20,35.200
"Oviedo, Johan",pitcher,PIT,20,32.390
"Pagán, Emilio",pitcher,CIN,20,24.160
"Pallante, Andre",pitcher,STL,20,27.190
"Patrick, Chad",pitcher,MIL,20,32.140
"Pepiot, Ryan",pitcher,TB,20,35.700
"Perkins, Jack",pitcher,ATH,20,29.180
"Peterson, David",pitcher,NYM,20,33.350
"Pfaadt, Brandon",pitcher,AZ,20,30.240
"Phillips, Connor",pitcher,CIN,20,28.530
"Povich, Cade",pitcher,BAL,20,30.470
"Priester, Quinn",pitcher,MIL,20,34.030
"Pérez, Eury",pitcher,MIA,20,37.960
"Pérez, Martín",pitcher,CWS,20,36.560
"Quintana, Jose",pitcher,MIL,20,30.560
"Raley, Brooks",pitcher,NYM,20,25.130
"Rasmussen, Drew",pitcher,TB,20,36.210
"Ray, Robbie",pitcher,SF,20,36.670
"Rea, Colin",pitcher,CHC,20,27.740
"Rodriguez, Eduardo",pitcher,AZ,20,27.030
"Rodríguez, Randy",pitcher,SF,20,34.930
"Rodón, Carlos",pitcher,NYY,20,42.210
"Roupp, Landen",pitcher,SF,20,26.370
"Ryan, Joe",pitcher,MIN,20,41.870
"Santana, Dennis",pitcher,PIT,20,26.400
"Scherzer, Max",pitcher,TOR,20,25.220
"Schmidt, Clarke",pitcher,NYY,20,37.590
"Sears, JP",pitcher,SD,20,28.620
"Semien, Marcus",batter,TEX,20,17.120
"Senga, Kodai",pitcher,NYM,20,33.620
"Severino, Luis",pitcher,ATH,20,31.260
"Seymour, Ian",pitcher,TB,20,28.490
"Sheehan, Emmet",pitcher,LAD,20,42.570
"Singer, Brady",pitcher,CIN,20,35.880
"Smith, Cade",pitcher,CLE,20,28.150
"Smith, Dominic",batter,SF,20,17.250
"Smith, Pavin",batter,AZ,20,17.520
"Smith, Shane",pitcher,CWS,20,36.900
"Smith-Shawver, AJ",pitcher,ATL,20,28.130
"Soriano, José",pitcher,LAA,20,34.770
"Soroka, Michael",pitcher,CHC,20,36.320
"Sousa, Bennett",pitcher,HOU,20,26.810
"Speier, Gabe",pitcher,SEA,20,30.380
"Springs, Jeffrey",pitcher,ATH,20,31.220
"Sproat, Brandon",pitcher,NYM,20,32.640
"Steele, Justin",pitcher,CHC,20,33.460
"Steer, Spencer",batter,CIN,20,17.270
"Strider, Spencer",pitcher,ATL,20,31.280
"Suarez, Robert",pitcher,SD,20,26.180
"Sugano, Tomoyuki",pitcher,BAL,20,26.580
"Svanson, Matt",pitcher,STL,20,31.630
"Taillon, Jameson",pitcher,CHC,20,34.250
"Teng, Kai-Wei",pitcher,SF,20,27.570
"Thielbar, Caleb",pitcher,CHC,20,23.810
"Uceta, Edwin",pitcher,TB,20,24.720
"Uribe, Abner",pitcher,MIL,20,28.440
"Vargas, Miguel",batter,CWS,20,17.370
"Verlander, Justin",pitcher,SF,20,32.550
"Vesia, Alex",pitcher,LAD,20,23.900
"Vest, Will",pitcher,DET,20,24.000
"Wacha, Michael",pitcher,KC,20,34.020
"Waldrep, Hurston",pitcher,ATL,20,39.300
"Walter, Brandon",pitcher,HOU,20,39.640
"Warren, Will",pitcher,NYY,20,29.280
"Weathers, Ryan",pitcher,MIA,20,29.710
"Weaver, Luke",pitcher,NYY,20,23.950
"Wells, Tyler",pitcher,BAL,20,36.120
"Wesneski, Hayden",pitcher,HOU,20,34.020
"Whitlock, Garrett",pitcher,BOS,20,28.760
"Williams, Devin",pitcher,NYY,20,24.910
"Williams, Gavin",pitcher,CLE,20,37.060
"Woods Richardson, Simeon",pitcher,MIN,20,29.440
"Wrobleski, Justin",pitcher,LAD,20,26.380
"Albies, Ozzie",batter,ATL,19,16.800
"Arozarena, Randy",batter,SEA,19,16.770
"Benson, Will",batter,CIN,19,16.330
"Bohm, Alec",batter,PHI,19,16.530
"Butler, Lawrence",batter,ATH,19,16.770
"Correa, Carlos",batter,HOU,19,16.400
"Crawford, J.P.",batter,SEA,19,16.930
"Crismatt, Nabil",pitcher,AZ,19,23.530
"Detmers, Reid",pitcher,LAA,19,23.300
"Dodd, Dylan",pitcher,ATL,19,22.950
"Domínguez, Jasson",batter,NYY,19,16.300
"Dubón, Mauricio",batter,HOU,19,16.220
"Duran, Jhoan",pitcher,PHI,19,22.740
"Eflin, Zach",pitcher,BAL,19,22.310
"Falter, Bailey",pitcher,KC,19,23.710
"Farris, Mitch",pitcher,LAA,19,23.040
"Finnegan, Kyle",pitcher,DET,19,23.460
"Fitts, Richard",pitcher,BOS,19,22.910
"Ginn, J.T.",pitcher,ATH,19,23.170
"González, Wikelman",pitcher,CWS,19,23.070
"Haggerty, Sam",batter,TEX,19,16.480
"Hernández, Teoscar",batter,LAD,19,16.450
"Jobe, Jackson",pitcher,DET,19,22.360
"Kepler, Max",batter,PHI,19,16.410
"Kittredge, Andrew",pitcher,CHC,19,23.800
"Lucas, Easton",pitcher,TOR,19,22.450
"Mastrobuoni, Miles",batter,SEA,19,16.570
"Megill, Trevor",pitcher,MIL,19,22.890
"Miller, Shelby",pitcher,MIL,19,23.120
"Morejon, Adrian",pitcher,SD,19,23.780
"Paddack, Chris",pitcher,DET,19,23.250
"Riley, Austin",batter,ATL,19,16.250
"Rocker, Kumar",pitcher,TEX,19,22.830
"Rutschman, Adley",batter,BAL,19,16.670
"Sabrowski, Erik",pitcher,CLE,19,23.140
"Sanoja, Javier",batter,MIA,19,16.370
"Shaw, Matt",batter,CHC,19,16.260
"Sterner, Justin",pitcher,ATH,19,22.250
"Story, Trevor",batter,BOS,19,17.000
"Swanson, Dansby",batter,CHC,19,16.380
"Taylor, Grant",pitcher,CWS,19,22.610
"Vargas, Ildemaro",batter,AZ,19,16.600
"Vaughn, Andrew",batter,MIL,19,16.400
"Vásquez, Randy",pitcher,SD,19,23.480
"Winn, Cole",pitcher,TEX,19,22.810
"Yarbrough, Ryan",pitcher,NYY,19,23.320
"Anderson, Grant",pitcher,MIL,18,20.990
"Bernabel, Warming",batter,COL,18,16.190
"Birdsong, Hayden",pitcher,SF,18,20.700
"Burger, Jake",batter,TEX,18,16.130
"Caballero, José",batter,NYY,18,15.770
"Cannon, Jonathan",pitcher,CWS,18,21.900
"Dana, Caden",pitcher,LAA,18,20.880
"Dollander, Chase",pitcher,COL,18,21.290
"Edman, Tommy",batter,LAD,18,15.940
"Englert, Mason",pitcher,TB,18,21.600
"Estrada, Jeremiah",pitcher,SD,18,22.040
"Estrada, Thairo",batter,COL,18,15.840
"Garcia, Rico",pitcher,BAL,18,20.930
"Gonzales, Nick",batter,PIT,18,15.650
"Gordon, Colton",pitcher,HOU,18,20.690
"Hagenman, Justin",pitcher,NYM,18,21.840
"Hancock, Emerson",pitcher,SEA,18,22.190
"Heaney, Andrew",pitcher,LAD,18,20.450
"Herget, Jimmy",pitcher,COL,18,21.480
"Hernaiz, Darell",batter,ATH,18,15.550
"Holliday, Jackson",batter,BAL,18,15.670
"Hoskins, Rhys",batter,MIL,18,15.930
"Iglesias, Raisel",pitcher,ATL,18,21.260
"Isbel, Kyle",batter,KC,18,16.200
"Jax, Griffin",pitcher,TB,18,21.350
"Kiner-Falefa, Isiah",batter,TOR,18,16.020
"Larnach, Trevor",batter,MIN,18,16.010
"Latz, Jacob",pitcher,TEX,18,21.690
"Mattson, Isaac",pitcher,PIT,18,20.560
"Mazur, Adam",pitcher,MIA,18,20.980
"McCutchen, Andrew",batter,PIT,18,16.200
"Meidroth, Chase",batter,CWS,18,15.930
"Mlodzinski, Carmen",pitcher,PIT,18,21.150
"Morgan, David",pitcher,SD,18,20.740
"Mullins, Cedric",batter,NYM,18,16.010
"O'Brien, Riley",pitcher,STL,18,20.970
"Peguero, Joel",pitcher,SF,18,20.830
"Perez, Salvador",batter,KC,18,15.510
"Ramos, Heliot",batter,SF,18,15.690
"Sogard, Nick",batter,BOS,18,15.670
"Sosa, Lenyn",batter,CWS,18,15.760
"Sulser, Cole",pitcher,TB,18,21.010
"Sánchez, Jesús",batter,HOU,18,15.730
"Triolo, Jared",batter,PIT,18,15.700
"Vasil, Mike",pitcher,CWS,18,20.680
"Webb, Jacob",pitcher,TEX,18,21.800
"Williams, Trevor",pitcher,WSH,18,21.400
"Winn, Masyn",batter,STL,18,16.030
"Abel, Mick",pitcher,MIN,17,19.970
"Alvarado, Elvis",pitcher,ATH,17,19.490
"Barnett, Mason",pitcher,ATH,17,19.230
"Bleday, JJ",batter,ATH,17,14.990
"Brash, Matt",pitcher,SEA,17,19.080
"Buehler, Walker",pitcher,PHI,17,20.020
"Caratini, Victor",batter,HOU,17,15.000
"Enright, Nic",pitcher,CLE,17,20.410
"Erceg, Lucas",pitcher,KC,17,19.310
"Espinal, Santiago",batter,CIN,17,14.900
"Ferrer, José A.",pitcher,WSH,17,19.780
"Festa, Matt",pitcher,CLE,17,20.280
"Frazier, Adam",batter,KC,17,14.820
"Fulmer, Carson",pitcher,LAA,17,19.440
"García, Yimi",pitcher,TOR,17,19.100
"Gusto, Ryan",pitcher,MIA,17,19.450
"Hall, DL",pitcher,MIL,17,19.490
"Hicks, Liam",batter,MIA,17,15.400
"Higashioka, Kyle",batter,TEX,17,14.960
"Hoglund, Gunnar",pitcher,ATH,17,19.840
"Hurter, Brant",pitcher,DET,17,20.200
"Ibáñez, Andy",batter,DET,17,14.820
"Jackson, Alex",batter,BAL,17,15.420
"Jansen, Danny",batter,MIL,17,15.340
"Jansen, Kenley",pitcher,LAA,17,19.830
"Kayfus, CJ",batter,CLE,17,15.320
"King, Bryan",pitcher,HOU,17,19.250
"Lee, Dylan",pitcher,ATL,17,19.330
"Lockridge, Brandon",batter,MIL,17,14.810
"Malloy, Justyn-Henry",batter,DET,17,15.050
"McCann, James",batter,AZ,17,14.880
"McMahon, Ryan",batter,NYY,17,15.290
"Mejia, Juan",pitcher,COL,17,19.560
"Naylor, Bo",batter,CLE,17,15.340
"Parker, Mitchell",pitcher,WSH,17,19.400
"Pauley, Graham",batter,MIA,17,15.370
"Pomeranz, Drew",pitcher,CHC,17,20.260
"Ramírez, Yohan",pitcher,PIT,17,19.400
"Reynolds, Bryan",batter,PIT,17,15.470
"Rodríguez, Manuel",pitcher,TB,17,19.530
"Rodríguez, Yariel",pitcher,TOR,17,19.590
"Saalfrank, Andrew",pitcher,AZ,17,19.760
"Sasaki, Roki",pitcher,LAD,17,19.120
"Schmitt, Casey",batter,SF,17,15.010
"Smith, Josh",batter,TEX,17,15.060
"Stephenson, Tyler",batter,CIN,17,15.240
"Strahm, Matt",pitcher,PHI,17,20.010
"Strowd, Kade",pitcher,BAL,17,20.450
"Tellez, Rowdy",batter,TEX,17,15.130
"Tovar, Ezequiel",batter,COL,17,15.310
"Wagner, Will",batter,SD,17,15.470
"White, Eli",batter,ATL,17,15.360
"Acuña, Luisangel",batter,NYM,16,14.600
"Arenado, Nolan",batter,STL,16,14.400
"Bachar, Lake",pitcher,MIA,16,18.930
"Baker, Bryan",pitcher,TB,16,18.900
"Baldwin, Brooks",batter,CWS,16,14.370
"Banks, Tanner",pitcher,PHI,16,17.920
"Beck, Jordan",batter,COL,16,14.720
"Bender, Anthony",pitcher,MIA,16,18.760
"Bowlan, Jonathan",pitcher,KC,16,18.120
"Bummer, Aaron",pitcher,ATL,16,17.790
"Báez, Javier",batter,DET,16,14.760
"Castellanos, Nick",batter,PHI,16,14.540
"Coulombe, Danny",pitcher,TEX,16,18.910
"Curtiss, John",pitcher,AZ,16,17.850
"Domínguez, Seranthony",pitcher,TOR,16,18.640
"Fairbanks, Pete",pitcher,TB,16,18.800
"Fedde, Erick",pitcher,MIL,16,18.900
"Flores, Wilmer",batter,SF,16,14.580
"García, Adolis",batter,TEX,16,14.060
"Gibson, Cade",pitcher,MIA,16,18.910
"Gipson-Long, Sawyer",pitcher,DET,16,18.510
"Hamilton, Ian",pitcher,NYY,16,17.610
"Hart, Kyle",pitcher,SD,16,19.080
"Hill, Jaden",pitcher,COL,16,18.520
"Kim, Hyeseong",batter,LAD,16,14.620
"Leahy, Kyle",pitcher,STL,16,19.010
"Lewis, Royce",batter,MIN,16,14.700
"Little, Brendon",pitcher,TOR,16,17.450
"Lord, Brad",pitcher,WSH,16,18.760
"Lowe, Nathaniel",batter,BOS,16,14.320
"Matz, Steven",pitcher,BOS,16,17.880
"Montas, Frankie",pitcher,NYM,16,18.720
"Murphy, Chris",pitcher,BOS,16,17.930
"Murphy, Sean",batter,ATL,16,14.370
"Nootbaar, Lars",batter,STL,16,14.610
"O'Neill, Tyler",batter,BAL,16,14.670
"Palencia, Daniel",pitcher,CHC,16,18.930
"Pham, Tommy",batter,PIT,16,14.580
"Quantrill, Cal",pitcher,ATL,16,19.050
"Quero, Edgar",batter,CWS,16,14.620
"Ramírez, Agustín",batter,MIA,16,14.030
"Saggese, Thomas",batter,STL,16,14.150
"Sands, Cole",pitcher,MIN,16,18.310
"Santana, Carlos",batter,CHC,16,14.270
"Santillan, Tony",pitcher,CIN,16,17.400
"Scott II, Victor",batter,STL,16,14.030
"Stewart, Brock",pitcher,LAD,16,19.050
"Stroman, Marcus",pitcher,NYY,16,18.930
"Thaiss, Matt",batter,TB,16,13.900
"Toro, Abraham",batter,BOS,16,14.750
"Urshela, Gio",batter,ATH,16,14.100
"Urías, Ramón",batter,HOU,16,14.760
"Valdez, Enmanuel",batter,PIT,16,14.560
"Verdugo, Alex",batter,ATL,16,14.650
"Walker, Taijuan",pitcher,PHI,16,18.220
"Whisenhunt, Carson",pitcher,SF,16,17.490
"Young, Brandon",pitcher,BAL,16,18.940
"Alvarado, José",pitcher,PHI,15,15.770
"Bart, Joey",batter,PIT,15,13.460
"Beck, Tristan",pitcher,SF,15,16.530
"Beeks, Jalen",pitcher,AZ,15,15.790
"Beeter, Clayton",pitcher,WSH,15,16.950
"Brazobán, Huascar",pitcher,NYM,15,17.080
"Casparius, Ben",pitcher,LAD,15,16.460
"Castro, Willi",batter,CHC,15,13.880
"Cruz, Oneil",batter,PIT,15,13.640
"Dezenzo, Zach",batter,HOU,15,13.530
"Doval, Camilo",pitcher,NYY,15,16.230
"Doyle, Brenton",batter,COL,15,13.830
"Estévez, Carlos",pitcher,KC,15,15.990
"Ferguson, Tyler",pitcher,ATH,15,16.610
"Fluharty, Mason",pitcher,TOR,15,16.950
"France, Ty",batter,TOR,15,13.660
"Francis, Bowden",pitcher,TOR,15,16.250
"Gaddis, Hunter",pitcher,CLE,15,16.500
"Garrett, Reed",pitcher,NYM,15,16.190
"Gilbert, Tyler",pitcher,CWS,15,17.020
"Gillispie, Connor",pitcher,MIA,15,16.700
"Grichuk, Randal",batter,KC,15,13.560
"Gómez, Yoendrys",pitcher,CWS,15,15.790
"Harris, Hogan",pitcher,ATH,15,16.240
"Holton, Tyler",pitcher,DET,15,17.310
"India, Jonathan",batter,KC,15,13.670
"Jung, Josh",batter,TEX,15,13.640
"Junis, Jakob",pitcher,CLE,15,16.150
"Kelly, Zack",pitcher,BOS,15,16.120
"Kim, Ha-Seong",batter,ATL,15,13.700
"Kinley, Tyler",pitcher,ATL,15,16.490
"Koenig, Jared",pitcher,MIL,15,17.090
"Koss, Christian",batter,SF,15,13.530
"Lee, Brooks",batter,MIN,15,13.750
"Lee, Chase",pitcher,DET,15,16.480
"Lucchesi, Joey",pitcher,SF,15,16.520
"Martini, Nick",batter,COL,15,13.480
"Mayer, Marcelo",batter,BOS,15,13.730
"Mayo, Coby",batter,BAL,15,13.590
"McCullers Jr., Lance",pitcher,HOU,15,16.620
"McLain, Matt",batter,CIN,15,13.510
"Mears, Nick",pitcher,MIL,15,16.310
"Montero, Rafael",pitcher,DET,15,16.910
"Myers, Tobias",pitcher,MIL,15,17.290
"Newcomb, Sean",pitcher,ATH,15,16.650
"Norby, Connor",batter,MIA,15,13.490
"Orze, Eric",pitcher,TB,15,16.420
"Osuna, Alejandro",batter,TEX,15,13.440
"Peralta, Wandy",pitcher,SD,15,17.320
"Phillips, Tyler",pitcher,MIA,15,17.080
"Pozo, Yohel",batter,STL,15,13.890
"Realmuto, J.T.",batter,PHI,15,13.780
"Robert Jr., Luis",batter,CWS,15,13.690
"Rogers, Tyler",pitcher,NYM,15,16.330
"Schneemann, Daniel",batter,CLE,15,13.600
"Smith, Cam",batter,HOU,15,13.350
"Sánchez, Gary",batter,BAL,15,13.490
"Urías, Luis",batter,ATH,15,13.850
"Wagaman, Eric",batter,MIA,15,13.730
"Walker, Christian",batter,HOU,15,13.900
"Williamson, Ben",batter,SEA,15,13.750
"Alexander, Blaze",batter,AZ,14,13.180
"Allard, Kolby",pitcher,CLE,14,14.360
"Allen, Nick",batter,ATL,14,12.530
"Altavilla, Dan",pitcher,CWS,14,14.330
"Ashcraft, Graham",pitcher,CIN,14,14.930
"Bird, Jake",pitcher,NYY,14,14.400
"Bivens, Spencer",pitcher,SF,14,14.430
"Brubaker, JT",pitcher,SF,14,14.630
"Cabrera, Oswaldo",batter,NYY,14,13.160
"Carrasco, Carlos",pitcher,ATL,14,14.300
"Clase, Emmanuel",pitcher,CLE,14,15.330
"Crews, Dylan",batter,WSH,14,13.110
"De Los Santos, Enyel",pitcher,HOU,14,15.640
"DeSclafani, Anthony",pitcher,AZ,14,15.070
"Enns, Dietrich",pitcher,BAL,14,15.760
"Fermin, Freddy",batter,SD,14,12.460
"Flexen, Chris",pitcher,CHC,14,14.680
"Garcia, Robert",pitcher,TEX,14,15.570
"Hayes, Ke'Bryan",batter,CIN,14,12.740
"Hernández, Enrique",batter,LAD,14,12.540
"Hoffman, Jeff",pitcher,TOR,14,14.730
"Houck, Tanner",pitcher,BOS,14,15.580
"Hummel, Cooper",batter,HOU,14,12.820
"Iglesias, Jose",batter,SD,14,12.790
"Kemp, Otto",batter,PHI,14,13.080
"Kerkering, Orion",pitcher,PHI,14,14.350
"Kochanowicz, Jack",pitcher,LAA,14,14.310
"Kranick, Max",pitcher,NYM,14,15.450
"LeMahieu, DJ",batter,NYY,14,13.290
"Leasure, Jordan",pitcher,CWS,14,14.590
"Legumina, Casey",pitcher,SEA,14,14.840
"Loftin, Nick",batter,KC,14,12.740
"Lowe, Josh",batter,TB,14,12.900
"Martin, Chris",pitcher,TEX,14,15.210
"Massey, Michael",batter,KC,14,12.820
"Meadows, Parker",batter,DET,14,12.610
"Nicolas, Kyle",pitcher,PIT,14,15.510
"Ohl, Pierson",pitcher,MIN,14,14.130
"Ortiz, Joey",batter,MIL,14,13.260
"Perkins, Blake",batter,MIL,14,12.860
"Ritter, Ryan",batter,COL,14,13.160
"Rivera, Emmanuel",batter,BAL,14,12.800
"Rojas, Johan",batter,PHI,14,12.590
"Ruiz, Keibert",batter,WSH,14,12.490
"Schreiber, John",pitcher,KC,14,14.100
"Schultz, Paxton",pitcher,TOR,14,14.160
"Shugart, Chase",pitcher,PIT,14,13.990
"Slaten, Justin",pitcher,BOS,14,15.720
"Soto, Gregory",pitcher,NYM,14,15.200
"Taylor, Tyrone",batter,NYM,14,12.810
"Thomas, Alek",batter,AZ,14,13.270
"Tonkin, Michael",pitcher,MIN,14,15.440
"Trammell, Taylor",batter,HOU,14,12.680
"Trevino, Jose",batter,CIN,14,13.200
"Varland, Louis",pitcher,TOR,14,15.590
"Vientos, Mark",batter,NYM,14,12.950
"Volpe, Anthony",batter,NYY,14,13.160
"Waddell, Brandon",pitcher,NYM,14,15.740
"Wade, Tyler",batter,SD,14,12.660
"Walker, Ryan",pitcher,SF,14,14.580
"Wentz, Joey",pitcher,ATL,14,15.490
"Wilson, Justin",pitcher,BOS,14,14.440
"Wilson, Weston",batter,PHI,14,12.600
"Alexander, Tyler",pitcher,CWS,13,13.290
"Banda, Anthony",pitcher,LAD,13,12.210
"Barlow, Scott",pitcher,CIN,13,13.170
"Bellozo, Valente",pitcher,MIA,13,12.270
"Bernardino, Brennan",pitcher,BOS,13,11.710
"Bido, Osvaldo",pitcher,ATH,13,11.770
"Blackburn, Paul",pitcher,NYY,13,13.600
"Burke, Brock",pitcher,LAA,13,12.210
"Buttó, José",pitcher,SF,13,12.750
"Campbell, Kristian",batter,BOS,13,11.720
"Carlson, Dylan",batter,BAL,13,12.030
"Cortes, Nestor",pitcher,SD,13,12.600
"Cowser, Colton",batter,BAL,13,12.120
"Cruz, Steven",pitcher,KC,13,13.200
"Del Castillo, Adrian",batter,AZ,13,11.840
"Duran, Ezequiel",batter,TEX,13,11.660
"Encarnacion-Strand, Christian",batter,CIN,13,12.110
"Faucher, Calvin",pitcher,MIA,13,12.750
"Ferguson, Caleb",pitcher,SEA,13,13.580
"Fortes, Nick",batter,TB,13,11.980
"Freeman, Cody",batter,TEX,13,11.970
"Funderburk, Kody",pitcher,MIN,13,13.790
"Gilbert, Drew",batter,SF,13,11.790
"Giménez, Andrés",batter,TOR,13,12.110
"Gorman, Nolan",batter,STL,13,12.130
"Graceffo, Gordon",pitcher,STL,13,12.140
"Hamilton, David",batter,BOS,13,11.850
"Hanifee, Brenan",pitcher,DET,13,13.750
"Hill, Tim",pitcher,NYY,13,11.710
"Johnson, Pierce",pitcher,ATL,13,13.320
"Karros, Kyle",batter,COL,13,12.040
"Martínez, Angel",batter,CLE,13,12.390
"Matsui, Yuki",pitcher,SD,13,13.780
"Mauricio, Ronny",batter,NYM,13,11.690
"McCarthy, Jake",batter,AZ,13,11.640
"Milner, Hoby",pitcher,TEX,13,13.200
"Misner, Kameron",batter,TB,13,11.730
"Moore, Christian",batter,LAA,13,11.700
"Morel, Christopher",batter,TB,13,12.020
"Mountcastle, Ryan",batter,BAL,13,11.970
"Márquez, Germán",pitcher,COL,13,13.730
"Poulin, PJ",pitcher,WSH,13,11.490
"Rave, John",batter,KC,13,11.950
"Reynolds, Sean",pitcher,SD,13,13.230
"Robles, Victor",batter,SEA,13,11.770
"Romero, JoJo",pitcher,STL,13,13.080
"Sauer, Matt",pitcher,LAD,13,11.940
"Schuemann, Max",batter,ATH,13,12.090
"Scott, Tanner",pitcher,LAD,13,12.450
"Senzatela, Antonio",pitcher,COL,13,11.650
"Soler, Jorge",batter,LAA,13,12.290
"Spence, Mitch",pitcher,ATH,13,12.230
"Strickland, Hunter",pitcher,LAA,13,12.340
"Suter, Brent",pitcher,CIN,13,12.970
"Taylor, Michael A.",batter,CWS,13,12.040
"Thomas, Colby",batter,ATH,13,12.440
"Thompson, Ryan",pitcher,AZ,13,12.650
"Thornton, Trent",pitcher,SEA,13,12.370
"Topa, Justin",pitcher,MIN,13,12.700
"Torrens, Luis",batter,NYM,13,12.180
"Trivino III, Lou",pitcher,PHI,13,12.260
"Vargas, Carlos",pitcher,SEA,13,11.620
"Walls, Taylor",batter,TB,13,11.970
"Waters, Drew",batter,KC,13,11.710
"Weissert, Greg",pitcher,BOS,13,13.920
"Young, Cole",batter,SEA,13,11.930
"Young, Jacob",batter,WSH,13,12.350
"Zastryzny, Rob",pitcher,MIL,13,12.980
"Akin, Keegan",pitcher,BAL,12,8.980
"Alvarez Jr., Nacho",batter,ATL,12,11.250
"Arias, Gabriel",batter,CLE,12,9.890
"Bailey, Patrick",batter,SF,12,10.150
"Berti, Jon",batter,CHC,12,9.910
"Blewett, Scott",pitcher,BAL,12,9.470
"Borucki, Ryan",pitcher,TOR,12,9.880
"Boushley, Caleb",pitcher,TEX,12,10.280
"Brasier, Ryan",pitcher,CHC,12,10.310
"Brogdon, Connor",pitcher,LAA,12,11.470
"Brown, McCade",pitcher,COL,12,10.000
"Castillo, José",pitcher,BAL,12,8.500
"Chafin, Andrew",pitcher,LAA,12,11.160
"Clarke, Denzel",batter,ATH,12,11.040
"Clase, Jonatan",batter,TOR,12,10.620
"Conforto, Michael",batter,LAD,12,11.260
"De los Santos, Yerry",pitcher,NYY,12,10.680
"DeJong, Paul",batter,WSH,12,10.410
"Dubin, Shawn",pitcher,BAL,12,10.020
"Dunning, Dane",pitcher,ATL,12,10.370
"Farmer, Kyle",batter,COL,12,11.510
"Fitzgerald, Tyler",batter,SF,12,9.580
"Garver, Mitch",batter,SEA,12,10.510
"Gibaut, Ian",pitcher,CIN,12,10.540
"Ginkel, Kevin",pitcher,AZ,12,9.390
"Gomber, Austin",pitcher,COL,12,10.590
"Granillo, Andre",pitcher,STL,12,9.860
"Heim, Jonah",batter,TEX,12,9.910
"Helsley, Ryan",pitcher,NYM,12,8.740
"Henry, Cole",pitcher,WSH,12,9.710
"Hernández, Carlos",pitcher,CLE,12,9.340
"Hill, Derek",batter,CWS,12,10.240
"Holman, Grant",pitcher,ATH,12,9.030
"House, Brady",batter,WSH,12,9.980
"Jarvis, Bryce",pitcher,AZ,12,10.230
"Julien, Edouard",batter,MIN,12,10.850
"Kahnle, Tommy",pitcher,DET,12,9.300
"Lazar, Max",pitcher,PHI,12,8.790
"Leiter Jr., Mark",pitcher,NYY,12,9.620
"Lynch IV, Daniel",pitcher,KC,12,9.630
"López, Jorge",pitcher,WSH,12,10.790
"Marchán, Rafael",batter,PHI,12,10.930
"Mead, Curtis",batter,CWS,12,10.000
"Mervis, Matt",batter,MIA,12,10.560
"Montgomery, Mason",pitcher,TB,12,9.460
"Moore, Dylan",batter,TEX,12,11.360
"Myers, Dane",batter,MIA,12,10.500
"O'Hoppe, Logan",batter,LAA,12,9.700
"Ort, Kaleb",pitcher,HOU,12,10.500
"Pagés, Pedro",batter,STL,12,10.690
"Paris, Kyren",batter,LAA,12,10.000
"Pederson, Joc",batter,TEX,12,11.580
"Renfroe, Hunter",batter,KC,12,9.820
"Rengifo, Luis",batter,LAA,12,11.450
"Richardson, Lyon",pitcher,CIN,12,9.200
"Rocchio, Brayan",batter,CLE,12,11.030
"Rogers, Taylor",pitcher,CHC,12,10.490
"Seymour, Carson",pitcher,SF,12,11.440
"Slater, Austin",batter,NYY,12,11.010
"Snider, Collin",pitcher,SEA,12,10.400
"Solano, Donovan",batter,TEX,12,9.600
"Tawa, Tim",batter,AZ,12,11.180
"Teodosio, Bryce",batter,LAA,12,10.180
"Turner, Justin",batter,CHC,12,10.490
"Ureña, José",pitcher,LAA,12,9.680
"Vierling, Matt",batter,DET,12,11.230
"Vodnik, Victor",pitcher,COL,12,9.410
"Wilson, Steven",pitcher,CWS,12,11.090
"Wolfram, Grant",pitcher,BAL,12,9.930
"Yates, Kirby",pitcher,LAD,12,8.950
"Zeferjahn, Ryan",pitcher,LAA,12,10.930
"Zerpa, Angel",pitcher,KC,12,9.370
"Adams, Travis",pitcher,MIN,11,4.660
"Agnos, Zach",pitcher,COL,11,3.030
"Amador, Adael",batter,COL,11,9.120
"Arcia, Orlando",batter,COL,11,7.110
"Bachman, Sam",pitcher,LAA,11,7.580
"Backhus, Kyle",pitcher,AZ,11,7.450
"Basallo, Samuel",batter,BAL,11,8.190
"Blalock, Bradley",pitcher,COL,11,5.920
"Booser, Cam",pitcher,CWS,11,5.820
"Bowman, Matt",pitcher,BAL,11,6.880
"Brebbia, John",pitcher,ATL,11,7.280
"Cabrera, Génesis",pitcher,MIN,11,4.040
"Caglianone, Jac",batter,KC,11,6.860
"Canario, Alexander",batter,PIT,11,8.680
"Canha, Mark",batter,KC,11,9.440
"Cano, Yennier",pitcher,BAL,11,6.830
"Casas, Triston",batter,BOS,11,7.820
"Díaz, Elias",batter,SD,11,9.090
"Eisert, Brandon",pitcher,CWS,11,7.660
"Feduccia, Hunter",batter,TB,11,8.140
"Fermin, José",pitcher,LAA,11,8.270
"Fernandez, Ryan",pitcher,STL,11,4.240
"Fernández, Yanquiel",batter,COL,11,8.790
"Fulford, Braxton",batter,COL,11,8.890
"Gage, Matt",pitcher,SF,11,6.130
"García, Luis",pitcher,LAA,11,5.900
"Gasper, Mickey",batter,MIN,11,7.630
"Halvorsen, Seth",pitcher,COL,11,3.480
"Hassell III, Robert",batter,WSH,11,8.720
"Hatch, Thomas",pitcher,MIN,11,4.630
"Hedges, Austin",batter,CLE,11,8.950
"Hernández, Daysbel",pitcher,ATL,11,6.500
"Herrera, Jose",batter,AZ,11,8.810
"Herrin, Tim",pitcher,CLE,11,7.210
"Hicks, Jordan",pitcher,BOS,11,7.840
"Hodge, Porter",pitcher,CHC,11,4.300
"Jackson, Luke",pitcher,SEA,11,7.940
"Jacob, Alek",pitcher,SD,11,5.730
"Jones, Nolan",batter,CLE,11,9.390
"Kelly, Kevin",pitcher,TB,11,4.160
"Kelly, Michael",pitcher,ATH,11,7.630
"Kjerstad, Heston",batter,BAL,11,7.100
"Long, Sam",pitcher,KC,11,4.580
"MacIver, Willie",batter,ATH,11,7.670
"McCormick, Chas",batter,HOU,11,9.050
"Mey, Luis",pitcher,CIN,11,5.410
"Miller, Erik",pitcher,SF,11,2.670
"Morillo, Juan",pitcher,AZ,11,5.230
"Neris, Héctor",pitcher,HOU,11,4.350
"Newman, Kevin",batter,LAA,11,7.160
"Outman, James",batter,MIN,11,8.190
"Palacios, Joshua",batter,CWS,11,8.980
"Pilkington, Konnor",pitcher,WSH,11,7.980
"Raley, Luke",batter,SEA,11,9.130
"Ribalta, Orlando",pitcher,WSH,11,3.740
"Roden, Alan",batter,MIN,11,7.540
"Rogers, Jake",batter,DET,11,8.610
"Rojas, Josh",batter,CWS,11,8.490
"Romano, Jordan",pitcher,PHI,11,6.730
"Ross, Joe",pitcher,PHI,11,6.910
"Rushing, Dalton",batter,LAD,11,7.320
"Rutledge, Jackson",pitcher,WSH,11,6.460
"Santander, Anthony",batter,TOR,11,6.990
"Simpson, Josh",pitcher,MIA,11,4.100
"Stanek, Ryne",pitcher,NYM,11,7.960
"Sweeney, Trey",batter,DET,11,7.590
"Thomas, Lane",batter,CLE,11,8.520
"Treinen, Blake",pitcher,LAD,11,6.220
"Veneziano, Anthony",pitcher,STL,11,5.620
"Vázquez, Christian",batter,MIN,11,7.820
"Wade Jr., LaMonte",batter,LAA,11,7.210
"Walker, Jordan",batter,STL,11,6.860
"Wong, Connor",batter,BOS,11,9.430
"Woodford, Jake",pitcher,AZ,11,6.590
"d'Arnaud, Travis",batter,LAA,11,7.060
"Adams, Riley",batter,WSH,10,4.790
"Alcala, Jorge",pitcher,STL,10,0.470
"Bride, Jonah",batter,MIN,10,5.990
"Brieske, Beau",pitcher,DET,10,-1.130
"Brzykcy, Zach",pitcher,WSH,10,-0.380
"Capra, Vinny",batter,CWS,10,0.430
"Chivilli, Angel",pitcher,COL,10,2.160
"Cox, Austin",pitcher,ATL,10,-0.230
"Davis, Henry",batter,PIT,10,5.530
"Fry, David",batter,CLE,10,6.590
"Gelof, Zack",batter,ATH,10,2.770
"Green, Chad",pitcher,TOR,10,-0.690
"Holderman, Colin",pitcher,PIT,10,-2.880
"King, John",pitcher,STL,10,0.200
"Locklear, Tyler",batter,AZ,10,6.310
"Loáisiga, Jonathan",pitcher,NYY,10,1.610
"Maldonado, Martín",batter,SD,10,4.810
"Molina, Anthony",pitcher,COL,10,1.210
"Noel, Jhonkensy",batter,CLE,10,5.720
"Ogasawara, Shinnosuke",pitcher,WSH,10,2.550
"Palmquist, Carson",pitcher,COL,10,1.990
"Payamps, Joel",pitcher,ATL,10,1.790
"Peraza, Oswald",batter,LAA,10,4.110
"Pressly, Ryan",pitcher,CHC,10,1.070
"Pérez, Cionel",pitcher,BAL,10,-1.960
"Rodgers, Brendan",batter,HOU,10,5.090
"Rolison, Ryan",pitcher,COL,10,-2.510
"Rortvedt, Ben",batter,LAD,10,5.170
"Roycroft, Chris",pitcher,STL,10,1.220
"Salazar, Eduardo",pitcher,WSH,10,-10.170
"Scott, Tayler",pitcher,HOU,10,-0.750
"Soriano, George",pitcher,MIA,10,1.440
"Stallings, Jacob",batter,BAL,10,-0.990
"Stratton, Chris",pitcher,LAD,10,1.060
"Suwinski, Jack",batter,PIT,10,5.890
"Taveras, Leody",batter,SEA,10,6.690
"Taylor, Chris",batter,LAA,10,4.410
"Toglia, Michael",batter,COL,10,6.650
"Williams, Carson",batter,TB,10,6.210
"Wilson, Bryse",pitcher,CWS,10,0.870
